Set	Class	Sub_Class	Count	LncRNA	Simpson	P-value	FDR	Bonferroni	Jaccard	%	Input_number
hsa-miR-641	MicroRNA	lncbase	7	SNHG1;SNHG15;GAS5;SNHG20;NEAT1;MALAT1;H19	0.389	2.36e-16	2.25e-13	2.25e-13	0.0761	7/81	18
hsa-miR-4793-3p	MicroRNA	lncbase	6	PVT1;GAS5;SNHG20;SNHG5;NEAT1;MALAT1	0.333	2.49e-14	9.42e-12	2.38e-11	0.0789	6/64	18
hsa-miR-499a-5p	MicroRNA	lncbase	5	SNHG1;GAS5;MAGI2-AS3;NEAT1;MALAT1	0.278	3.06e-14	9.42e-12	2.92e-11	0.147	5/21	18
hsa-miR-4766-3p	MicroRNA	lncbase	5	SNHG1;SNHG15;SNHG20;NEAT1;MALAT1	0.278	3.95e-14	9.42e-12	3.77e-11	0.143	5/22	18
hsa-miR-28-5p	MicroRNA	lncbase	7	SNHG1;SNHG15;GAS5;MAGI2-AS3;NEAT1;MALAT1;H19	0.389	6.66e-14	1.15e-11	6.35e-11	0.037	7/178	18
hsa-miR-99a-3p	MicroRNA	lncbase	6	PVT1;SNHG15;SNHG5;NEAT1;MALAT1;H19	0.333	7.23e-14	1.15e-11	6.9e-11	0.0682	6/76	18
hsa-miR-99b-3p	MicroRNA	lncbase	6	PVT1;SNHG1;SNHG5;NEAT1;MALAT1;H19	0.333	1.07e-13	1.46e-11	1.02e-10	0.0645	6/81	18
hsa-miR-17-3p	MicroRNA	lncbase	7	PVT1;SNHG1;GAS5;SNHG20;NEAT1;MALAT1;H19	0.389	1.42e-13	1.61e-11	1.35e-10	0.0335	7/198	18
hsa-miR-484	MicroRNA	lncbase	7	SNHG1;SNHG15;GAS5;SNHG20;NEAT1;MALAT1;H19	0.389	1.52e-13	1.61e-11	1.45e-10	0.0332	7/200	18
hsa-miR-499a-3p	MicroRNA	lncbase	6	SNHG1;GAS5;SNHG20;SNHG5;NEAT1;MALAT1	0.333	2.51e-13	2.39e-11	2.39e-10	0.0571	6/93	18
hsa-miR-148b-3p	MicroRNA	lncbase	7	PVT1;SNHG1;GAS5;MAGI2-AS3;NEAT1;MALAT1;H19	0.389	2.98e-13	2.58e-11	2.84e-10	0.0303	7/220	18
hsa-miR-30b-3p	MicroRNA	lncbase	6	SNHG1;SNHG15;GAS5;NEAT1;MALAT1;H19	0.333	4.43e-13	3.37e-11	4.23e-10	0.0526	6/102	18
hsa-miR-589-3p	MicroRNA	lncbase	6	SNHG1;SNHG15;SNHG5;NEAT1;MALAT1;H19	0.333	5e-13	3.37e-11	4.77e-10	0.0517	6/104	18
hsa-miR-500a-5p	MicroRNA	lncbase	6	SNHG1;GAS5;MAGI2-AS3;SNHG5;NEAT1;MALAT1	0.333	5.3e-13	3.37e-11	5.06e-10	0.0513	6/105	18
hsa-miR-130a-3p	MicroRNA	lncbase	6	SNHG1;GAS5;MAGI2-AS3;NEAT1;MALAT1;H19	0.333	5.3e-13	3.37e-11	5.06e-10	0.0513	6/105	18
hsa-miR-23b-3p	MicroRNA	lncbase	7	SNHG1;GAS5;MAGI2-AS3;SNHG20;SNHG5;NEAT1;MALAT1	0.389	7.77e-13	4.63e-11	7.41e-10	0.0266	7/252	18
hsa-miR-186-5p	MicroRNA	lncbase	6	PVT1;SNHG1;MAGI2-AS3;NEAT1;MALAT1;H19	0.333	8.76e-13	4.92e-11	8.36e-10	0.0476	6/114	18
hsa-miR-23a-3p	MicroRNA	lncbase	7	SNHG1;GAS5;MAGI2-AS3;SNHG20;SNHG5;NEAT1;MALAT1	0.389	1.05e-12	5.34e-11	1e-09	0.0255	7/263	18
hsa-miR-301a-3p	MicroRNA	lncbase	6	SNHG1;GAS5;MAGI2-AS3;NEAT1;MALAT1;H19	0.333	1.08e-12	5.34e-11	1.03e-09	0.0462	6/118	18
hsa-miR-590-5p	MicroRNA	lncbase	5	SNHG1;GAS5;NEAT1;MALAT1;H19	0.278	1.12e-12	5.34e-11	1.07e-09	0.0926	5/41	18
hsa-miR-449a	MicroRNA	lncbase	6	SNHG1;SNHG15;GAS5;SNHG20;NEAT1;MALAT1	0.333	2.35e-12	1.07e-10	2.24e-09	0.0411	6/134	18
hsa-miR-373-5p	MicroRNA	lncbase	4	SNHG1;GAS5;NEAT1;MALAT1	0.333	3.11e-12	1.31e-10	2.97e-09	0.154	4/12	18
hsa-miR-15b-3p	MicroRNA	lncbase	5	SNHG1;GAS5;SNHG5;NEAT1;MALAT1	0.278	3.16e-12	1.31e-10	3.01e-09	0.0794	5/50	18
hsa-miR-148a-3p	MicroRNA	lncbase	6	PVT1;SNHG1;GAS5;NEAT1;MALAT1;H19	0.333	3.8e-12	1.51e-10	3.63e-09	0.0382	6/145	18
hsa-miR-576-3p	MicroRNA	lncbase	5	SNHG1;GAS5;NEAT1;MALAT1;H19	0.278	4.28e-12	1.57e-10	4.08e-09	0.0758	5/53	18
hsa-miR-1271-3p	MicroRNA	lncbase	5	SNHG15;GAS5;NEAT1;MALAT1;H19	0.278	4.28e-12	1.57e-10	4.08e-09	0.0758	5/53	18
hsa-miR-181b-3p	MicroRNA	lncbase	5	SNHG1;SNHG15;SNHG5;NEAT1;MALAT1	0.278	4.72e-12	1.66e-10	4.5e-09	0.0746	5/54	18
hsa-miR-93-3p	MicroRNA	lncbase	6	SNHG15;GAS5;SNHG20;NEAT1;MALAT1;H19	0.333	4.86e-12	1.66e-10	4.64e-09	0.0368	6/151	18
hsa-miR-10b-3p	MicroRNA	lncbase	5	GAS5;MAGI2-AS3;SNHG5;NEAT1;H19	0.278	6.25e-12	1.93e-10	5.96e-09	0.0714	5/57	18
hsa-miR-5682	MicroRNA	lncbase	5	SNHG1;GAS5;SNHG20;NEAT1;MALAT1	0.278	6.25e-12	1.93e-10	5.96e-09	0.0714	5/57	18
hsa-miR-323a-3p	MicroRNA	lncbase	4	SNHG1;SNHG5;NEAT1;MALAT1	0.286	6.28e-12	1.93e-10	5.99e-09	0.143	4/14	18
hsa-miR-769-5p	MicroRNA	lncbase	5	PVT1;GAS5;NEAT1;MALAT1;H19	0.278	6.83e-12	2.04e-10	6.52e-09	0.0704	5/58	18
hsa-miR-548a-3p	MicroRNA	lncbase	5	SNHG15;MAGI2-AS3;SNHG20;NEAT1;MALAT1	0.278	7.46e-12	2.16e-10	7.12e-09	0.0694	5/59	18
hsa-miR-4803	MicroRNA	lncbase	4	SNHG1;GAS5;NEAT1;MALAT1	0.267	8.57e-12	2.4e-10	8.18e-09	0.138	4/15	18
hsa-miR-181a-3p	MicroRNA	lncbase	5	GAS5;SNHG5;NEAT1;MALAT1;H19	0.278	9.64e-12	2.63e-10	9.2e-09	0.0667	5/62	18
hsa-miR-141-5p	MicroRNA	lncbase	6	SNHG1;SNHG15;SNHG5;NEAT1;MALAT1;H19	0.333	1.03e-11	2.73e-10	9.83e-09	0.0328	6/171	18
hsa-miR-642a-5p	MicroRNA	lncbase	5	SNHG1;GAS5;SNHG5;NEAT1;MALAT1	0.278	1.14e-11	2.79e-10	1.09e-08	0.0649	5/64	18
hsa-miR-2114-5p	MicroRNA	lncbase	5	SNHG1;SNHG15;NEAT1;MALAT1;H19	0.278	1.14e-11	2.79e-10	1.09e-08	0.0649	5/64	18
hsa-miR-100-3p	MicroRNA	lncbase	4	SNHG1;NEAT1;MALAT1;H19	0.25	1.14e-11	2.79e-10	1.09e-08	0.133	4/16	18
hsa-miR-512-5p	MicroRNA	lncbase	4	SNHG1;GAS5;NEAT1;MALAT1	0.235	1.49e-11	3.55e-10	1.42e-08	0.129	4/17	18
hsa-miR-200b-3p	MicroRNA	lncbase	5	SNHG15;GAS5;NEAT1;MALAT1;H19	0.278	2.08e-11	4.84e-10	1.98e-08	0.0588	5/72	18
hsa-miR-27b-3p	MicroRNA	lncbase	7	PVT1;SNHG1;GAS5;MAGI2-AS3;SNHG5;NEAT1;MALAT1	0.389	2.44e-11	5.54e-10	2.33e-08	0.0165	7/412	18
hsa-miR-27a-3p	MicroRNA	lncbase	7	PVT1;SNHG1;GAS5;MAGI2-AS3;SNHG5;NEAT1;MALAT1	0.389	3.03e-11	6.72e-10	2.89e-08	0.0161	7/425	18
hsa-miR-143-3p	MicroRNA	lncbase	6	SNHG1;GAS5;MAGI2-AS3;NEAT1;MALAT1;H19	0.333	3.1e-11	6.72e-10	2.96e-08	0.0276	6/205	18
hsa-miR-200c-3p	MicroRNA	lncbase	5	SNHG15;GAS5;NEAT1;MALAT1;H19	0.278	3.35e-11	7.1e-10	3.2e-08	0.0543	5/79	18
hsa-miR-3615	MicroRNA	lncbase	5	SNHG1;SNHG15;MAGI2-AS3;NEAT1;MALAT1	0.278	3.57e-11	7.4e-10	3.41e-08	0.0538	5/80	18
hsa-miR-616-5p	MicroRNA	lncbase	5	GAS5;SNHG5;NEAT1;MALAT1;H19	0.278	3.8e-11	7.71e-10	3.63e-08	0.0532	5/81	18
hsa-miR-136-5p	MicroRNA	lncbase	5	GAS5;MAGI2-AS3;NEAT1;MALAT1;H19	0.278	4.05e-11	8.05e-10	3.86e-08	0.0526	5/82	18
hsa-miR-140-5p	MicroRNA	starbase	4	SNHG1;SNHG20;MALAT1;H19	0.222	5.55e-11	1.25e-08	1.54e-08	0.108	4/23	18
hsa-miR-125a-5p	MicroRNA	lncbase	6	SNHG1;SNHG15;SNHG20;NEAT1;MALAT1;H19	0.333	5.73e-11	1.11e-09	5.47e-08	0.0251	6/227	18
hsa-miR-7-1-3p	MicroRNA	lncbase	5	SNHG1;MAGI2-AS3;SNHG20;NEAT1;MALAT1	0.278	5.81e-11	1.11e-09	5.54e-08	0.0495	5/88	18
hsa-miR-125b-5p	MicroRNA	lncbase	6	SNHG1;SNHG15;SNHG20;NEAT1;MALAT1;H19	0.333	6.53e-11	1.22e-09	6.23e-08	0.0246	6/232	18
hsa-miR-137	MicroRNA	lncbase	6	SNHG1;GAS5;MAGI2-AS3;SNHG20;NEAT1;MALAT1	0.333	6.7e-11	1.23e-09	6.39e-08	0.0245	6/233	18
hsa-miR-3065-5p	MicroRNA	lncbase	5	SNHG1;MAGI2-AS3;SNHG20;NEAT1;MALAT1	0.278	7.29e-11	1.29e-09	6.95e-08	0.0476	5/92	18
hsa-miR-500a-3p	MicroRNA	lncbase	5	PVT1;SNHG15;SNHG20;NEAT1;MALAT1	0.278	7.29e-11	1.29e-09	6.95e-08	0.0476	5/92	18
hsa-miR-1305	MicroRNA	lncbase	5	SNHG1;MAGI2-AS3;SNHG5;NEAT1;MALAT1	0.278	7.7e-11	1.34e-09	7.35e-08	0.0472	5/93	18
hsa-miR-27b-5p	MicroRNA	lncbase	5	SNHG1;GAS5;NEAT1;MALAT1;H19	0.278	8.13e-11	1.39e-09	7.76e-08	0.0467	5/94	18
hsa-miR-154-5p	MicroRNA	starbase	4	SNHG1;SNHG5;NEAT1;MALAT1	0.222	9.36e-11	1.25e-08	2.59e-08	0.1	4/26	18
hsa-miR-296-5p	MicroRNA	lncbase	5	SNHG1;SNHG15;NEAT1;MALAT1;H19	0.278	9.54e-11	1.6e-09	9.1e-08	0.0455	5/97	18
hsa-miR-7-5p	MicroRNA	lncbase	6	SNHG1;GAS5;MAGI2-AS3;SNHG20;NEAT1;MALAT1	0.333	1.02e-10	1.68e-09	9.73e-08	0.0229	6/250	18
hsa-let-7d-3p	MicroRNA	lncbase	4	SNHG1;MAGI2-AS3;NEAT1;MALAT1	0.222	1.1e-10	1.76e-09	1.05e-07	0.0976	4/27	18
hsa-miR-330-5p	MicroRNA	lncbase	5	SNHG1;SNHG15;NEAT1;MALAT1;H19	0.278	1.11e-10	1.76e-09	1.06e-07	0.0442	5/100	18
hsa-miR-421	MicroRNA	lncbase	5	SNHG1;SNHG20;SNHG5;NEAT1;MALAT1	0.278	1.17e-10	1.83e-09	1.12e-07	0.0439	5/101	18
hsa-miR-32-5p	MicroRNA	lncbase	5	SNHG1;GAS5;SNHG5;NEAT1;MALAT1	0.278	1.23e-10	1.89e-09	1.17e-07	0.0435	5/102	18
hsa-miR-362-5p	MicroRNA	lncbase	5	SNHG1;SNHG15;GAS5;NEAT1;MALAT1	0.278	1.29e-10	1.92e-09	1.23e-07	0.0431	5/103	18
hsa-miR-501-5p	MicroRNA	lncbase	5	SNHG1;SNHG15;GAS5;NEAT1;MALAT1	0.278	1.29e-10	1.92e-09	1.23e-07	0.0431	5/103	18
hsa-miR-24-3p	MicroRNA	lncbase	6	SNHG1;GAS5;SNHG20;NEAT1;MALAT1;H19	0.333	1.49e-10	2.14e-09	1.42e-07	0.0216	6/266	18
hsa-let-7b-3p	MicroRNA	lncbase	4	SNHG1;GAS5;NEAT1;MALAT1	0.222	1.49e-10	2.14e-09	1.42e-07	0.093	4/29	18
hsa-miR-92a-3p	MicroRNA	lncbase	5	SNHG1;GAS5;SNHG5;NEAT1;MALAT1	0.278	1.5e-10	2.14e-09	1.43e-07	0.042	5/106	18
hsa-miR-2355-5p	MicroRNA	lncbase	5	SNHG1;GAS5;NEAT1;MALAT1;H19	0.278	1.57e-10	2.17e-09	1.5e-07	0.0417	5/107	18
hsa-miR-1271-5p	MicroRNA	lncbase	5	GAS5;SNHG20;NEAT1;MALAT1;H19	0.278	1.57e-10	2.17e-09	1.5e-07	0.0417	5/107	18
hsa-miR-34a-5p	MicroRNA	lncbase	6	SNHG1;SNHG15;GAS5;SNHG20;NEAT1;MALAT1	0.333	1.66e-10	2.26e-09	1.58e-07	0.0212	6/271	18
hsa-miR-603	MicroRNA	lncbase	4	SNHG1;NEAT1;MALAT1;H19	0.222	1.71e-10	2.29e-09	1.63e-07	0.0909	4/30	18
hsa-miR-185-3p	MicroRNA	lncbase	5	SNHG1;SNHG15;NEAT1;MALAT1;H19	0.278	1.73e-10	2.29e-09	1.65e-07	0.041	5/109	18
hsa-miR-642b-5p	MicroRNA	lncbase	4	GAS5;MAGI2-AS3;NEAT1;MALAT1	0.222	1.97e-10	2.57e-09	1.88e-07	0.0889	4/31	18
hsa-miR-106a-5p	MicroRNA	lncbase	5	SNHG1;SNHG5;NEAT1;MALAT1;H19	0.278	2.07e-10	2.67e-09	1.97e-07	0.0397	5/113	18
hsa-miR-940	MicroRNA	lncbase	5	SNHG1;GAS5;NEAT1;MALAT1;H19	0.278	2.17e-10	2.76e-09	2.07e-07	0.0394	5/114	18
hsa-miR-18a-5p	MicroRNA	starbase	4	SNHG1;SNHG15;GAS5;H19	0.222	2.25e-10	1.25e-08	6.23e-08	0.087	4/32	18
hsa-miR-18b-5p	MicroRNA	starbase	4	SNHG1;SNHG15;GAS5;H19	0.222	2.25e-10	1.25e-08	6.23e-08	0.087	4/32	18
hsa-miR-4735-3p	MicroRNA	starbase	4	SNHG1;SNHG15;GAS5;H19	0.222	2.25e-10	1.25e-08	6.23e-08	0.087	4/32	18
hsa-miR-5094	MicroRNA	lncbase	4	SNHG1;GAS5;NEAT1;MALAT1	0.222	2.56e-10	3.09e-09	2.44e-07	0.0851	4/33	18
hsa-miR-335-3p	MicroRNA	lncbase	4	SNHG1;GAS5;NEAT1;MALAT1	0.222	2.56e-10	3.09e-09	2.44e-07	0.0851	4/33	18
hsa-miR-513a-5p	MicroRNA	lncbase	4	SNHG1;SNHG5;NEAT1;MALAT1	0.222	2.56e-10	3.09e-09	2.44e-07	0.0851	4/33	18
hsa-miR-576-5p	MicroRNA	lncbase	4	SNHG15;GAS5;NEAT1;MALAT1	0.222	2.56e-10	3.09e-09	2.44e-07	0.0851	4/33	18
hsa-miR-193b-3p	MicroRNA	lncbase	5	SNHG15;SNHG5;NEAT1;MALAT1;H19	0.278	2.69e-10	3.11e-09	2.57e-07	0.0379	5/119	18
hsa-let-7b-5p	MicroRNA	lncbase	6	SNHG1;GAS5;MAGI2-AS3;NEAT1;MALAT1;H19	0.333	2.71e-10	3.11e-09	2.59e-07	0.0196	6/294	18
hsa-let-7f-5p	MicroRNA	lncbase	6	SNHG1;GAS5;MAGI2-AS3;NEAT1;MALAT1;H19	0.333	2.71e-10	3.11e-09	2.59e-07	0.0196	6/294	18
hsa-let-7i-5p	MicroRNA	lncbase	6	SNHG1;GAS5;MAGI2-AS3;NEAT1;MALAT1;H19	0.333	2.71e-10	3.11e-09	2.59e-07	0.0196	6/294	18
hsa-miR-19a-5p	MicroRNA	lncbase	5	GAS5;MAGI2-AS3;SNHG5;NEAT1;MALAT1	0.278	2.81e-10	3.18e-09	2.68e-07	0.0376	5/120	18
hsa-let-7g-5p	MicroRNA	lncbase	6	SNHG1;GAS5;MAGI2-AS3;NEAT1;MALAT1;H19	0.333	2.83e-10	3.18e-09	2.7e-07	0.0195	6/296	18
hsa-let-7a-5p	MicroRNA	lncbase	6	SNHG1;GAS5;MAGI2-AS3;NEAT1;MALAT1;H19	0.333	2.88e-10	3.18e-09	2.75e-07	0.0194	6/297	18
hsa-miR-346	MicroRNA	lncbase	4	GAS5;NEAT1;MALAT1;H19	0.222	2.9e-10	3.18e-09	2.77e-07	0.0833	4/34	18
hsa-miR-335-5p	MicroRNA	lncbase	4	SNHG1;GAS5;NEAT1;MALAT1	0.222	3.27e-10	3.51e-09	3.12e-07	0.0816	4/35	18
hsa-miR-1825	MicroRNA	lncbase	4	SNHG1;NEAT1;MALAT1;H19	0.222	3.27e-10	3.51e-09	3.12e-07	0.0816	4/35	18
hsa-miR-342-3p	MicroRNA	lncbase	5	SNHG1;SNHG5;NEAT1;MALAT1;H19	0.278	3.45e-10	3.66e-09	3.29e-07	0.0362	5/125	18
hsa-miR-182-5p	MicroRNA	lncbase	5	SNHG1;GAS5;SNHG20;NEAT1;MALAT1	0.278	3.6e-10	3.77e-09	3.43e-07	0.036	5/126	18
hsa-miR-548at-5p	MicroRNA	lncbase	4	SNHG1;SNHG5;NEAT1;MALAT1	0.222	3.68e-10	3.77e-09	3.51e-07	0.08	4/36	18
hsa-miR-191-3p	MicroRNA	lncbase	4	SNHG5;NEAT1;MALAT1;H19	0.222	3.68e-10	3.77e-09	3.51e-07	0.08	4/36	18
hsa-miR-19b-1-5p	MicroRNA	lncbase	5	GAS5;MAGI2-AS3;SNHG5;NEAT1;MALAT1	0.278	4.05e-10	4.11e-09	3.86e-07	0.0352	5/129	18
hsa-miR-577	MicroRNA	lncbase	4	SNHG1;GAS5;NEAT1;MALAT1	0.222	4.13e-10	4.15e-09	3.94e-07	0.0784	4/37	18
hsa-miR-339-5p	MicroRNA	lncbase	5	SNHG15;MAGI2-AS3;NEAT1;MALAT1;H19	0.278	4.21e-10	4.18e-09	4.02e-07	0.035	5/130	18
hsa-miR-23b-5p	MicroRNA	lncbase	4	SNHG1;GAS5;NEAT1;H19	0.222	4.61e-10	4.53e-09	4.4e-07	0.0769	4/38	18
hsa-miR-921	MicroRNA	lncbase	3	SNHG1;NEAT1;MALAT1	0.5	4.9e-10	4.72e-09	4.67e-07	0.143	3/6	18
hsa-miR-2682-5p	MicroRNA	lncbase	3	NEAT1;MALAT1;H19	0.5	4.9e-10	4.72e-09	4.67e-07	0.143	3/6	18
hsa-miR-548ar-3p	MicroRNA	lncbase	4	GAS5;MAGI2-AS3;NEAT1;MALAT1	0.222	5.71e-10	5.45e-09	5.45e-07	0.0741	4/40	18
hsa-miR-30c-2-3p	MicroRNA	lncbase	5	SNHG1;GAS5;NEAT1;MALAT1;H19	0.278	6.12e-10	5.78e-09	5.84e-07	0.0327	5/140	18
hsa-miR-429	MicroRNA	lncbase	4	SNHG15;NEAT1;MALAT1;H19	0.222	6.32e-10	5.91e-09	6.03e-07	0.0727	4/41	18
hsa-miR-561-3p	MicroRNA	lncbase	4	SNHG1;SNHG5;NEAT1;MALAT1	0.222	6.99e-10	6.41e-09	6.67e-07	0.0714	4/42	18
hsa-miR-5581-3p	MicroRNA	lncbase	4	PVT1;SNHG15;NEAT1;MALAT1	0.222	6.99e-10	6.41e-09	6.67e-07	0.0714	4/42	18
hsa-miR-5582-3p	MicroRNA	lncbase	4	MAGI2-AS3;SNHG5;NEAT1;MALAT1	0.222	7.7e-10	6.93e-09	7.35e-07	0.0702	4/43	18
hsa-miR-367-3p	MicroRNA	lncbase	4	SNHG1;GAS5;NEAT1;MALAT1	0.222	7.7e-10	6.93e-09	7.35e-07	0.0702	4/43	18
hsa-miR-509-3-5p	MicroRNA	lncbase	3	GAS5;NEAT1;MALAT1	0.429	8.57e-10	7.5e-09	8.18e-07	0.136	3/7	18
hsa-miR-509-5p	MicroRNA	lncbase	3	GAS5;NEAT1;MALAT1	0.429	8.57e-10	7.5e-09	8.18e-07	0.136	3/7	18
hsa-miR-583	MicroRNA	lncbase	3	SNHG1;NEAT1;MALAT1	0.429	8.57e-10	7.5e-09	8.18e-07	0.136	3/7	18
hsa-miR-30d-3p	MicroRNA	lncbase	5	SNHG1;GAS5;SNHG5;NEAT1;MALAT1	0.278	8.67e-10	7.52e-09	8.27e-07	0.0307	5/150	18
hsa-miR-30c-1-3p	MicroRNA	lncbase	5	SNHG1;GAS5;NEAT1;MALAT1;H19	0.278	9.27e-10	7.92e-09	8.84e-07	0.0303	5/152	18
hsa-miR-935	MicroRNA	lncbase	4	SNHG1;GAS5;NEAT1;MALAT1	0.222	9.3e-10	7.92e-09	8.87e-07	0.0678	4/45	18
hsa-miR-590-3p	MicroRNA	starbase	4	SNHG1;GAS5;NEAT1;MALAT1	0.222	1.11e-09	5.12e-08	3.07e-07	0.0656	4/47	18
hsa-miR-485-5p	MicroRNA	lncbase	5	GAS5;MAGI2-AS3;NEAT1;MALAT1;H19	0.278	1.32e-09	1.09e-08	1.26e-06	0.0284	5/163	18
hsa-miR-652-3p	MicroRNA	lncbase	4	GAS5;MAGI2-AS3;NEAT1;MALAT1	0.222	1.32e-09	1.09e-08	1.26e-06	0.0635	4/49	18
hsa-miR-545-3p	MicroRNA	lncbase	5	SNHG1;GAS5;SNHG5;NEAT1;MALAT1	0.278	1.32e-09	1.09e-08	1.26e-06	0.0284	5/163	18
hsa-miR-376a-3p	MicroRNA	lncbase	4	SNHG1;GAS5;NEAT1;MALAT1	0.222	1.32e-09	1.09e-08	1.26e-06	0.0635	4/49	18
hsa-miR-423-5p	MicroRNA	lncbase	5	SNHG1;MIR497HG;NEAT1;MALAT1;H19	0.278	1.36e-09	1.1e-08	1.3e-06	0.0282	5/164	18
hsa-miR-371a-5p	MicroRNA	lncbase	3	GAS5;NEAT1;MALAT1	0.375	1.37e-09	1.1e-08	1.31e-06	0.13	3/8	18
hsa-miR-616-3p	MicroRNA	lncbase	3	SNHG1;NEAT1;MALAT1	0.375	1.37e-09	1.1e-08	1.31e-06	0.13	3/8	18
hsa-miR-30a-3p	MicroRNA	lncbase	5	SNHG1;GAS5;SNHG5;NEAT1;MALAT1	0.278	1.49e-09	1.18e-08	1.42e-06	0.0278	5/167	18
hsa-miR-101-5p	MicroRNA	lncbase	4	SNHG1;GAS5;NEAT1;MALAT1	0.222	1.69e-09	1.33e-08	1.61e-06	0.0606	4/52	18
hsa-miR-30e-3p	MicroRNA	lncbase	5	SNHG1;GAS5;SNHG5;NEAT1;MALAT1	0.278	1.73e-09	1.35e-08	1.65e-06	0.027	5/172	18
hsa-miR-618	MicroRNA	lncbase	4	SNHG1;SNHG5;NEAT1;MALAT1	0.222	1.82e-09	1.41e-08	1.74e-06	0.0597	4/53	18
hsa-miR-3127-5p	MicroRNA	lncbase	4	SNHG15;SNHG20;NEAT1;MALAT1	0.222	1.97e-09	1.49e-08	1.88e-06	0.0588	4/54	18
hsa-miR-550a-3-5p	MicroRNA	lncbase	4	GAS5;NEAT1;MALAT1;H19	0.222	1.97e-09	1.49e-08	1.88e-06	0.0588	4/54	18
hsa-miR-148b-5p	MicroRNA	lncbase	4	SNHG1;SNHG5;NEAT1;MALAT1	0.222	1.97e-09	1.49e-08	1.88e-06	0.0588	4/54	18
hsa-miR-377-3p	MicroRNA	lncbase	5	SNHG1;SNHG5;NEAT1;MALAT1;H19	0.278	2.05e-09	1.54e-08	1.96e-06	0.0262	5/178	18
hsa-miR-607	MicroRNA	lncbase	3	GAS5;NEAT1;MALAT1	0.333	2.06e-09	1.54e-08	1.97e-06	0.125	3/9	18
hsa-miR-204-3p	MicroRNA	lncbase	4	SNHG1;GAS5;MAGI2-AS3;NEAT1	0.222	2.12e-09	1.57e-08	2.02e-06	0.058	4/55	18
hsa-miR-3065-3p	MicroRNA	lncbase	5	GAS5;SNHG20;SNHG5;NEAT1;MALAT1	0.278	2.17e-09	1.59e-08	2.07e-06	0.0259	5/180	18
hsa-miR-1-3p	MicroRNA	lncbase	5	SNHG1;SNHG15;GAS5;NEAT1;MALAT1	0.278	2.23e-09	1.62e-08	2.13e-06	0.0258	5/181	18
hsa-miR-4786-3p	MicroRNA	lncbase	4	SNHG15;SNHG5;NEAT1;MALAT1	0.222	2.29e-09	1.63e-08	2.18e-06	0.0571	4/56	18
hsa-miR-876-3p	MicroRNA	lncbase	4	SNHG1;GAS5;NEAT1;MALAT1	0.222	2.29e-09	1.63e-08	2.18e-06	0.0571	4/56	18
hsa-miR-3677-5p	MicroRNA	lncbase	4	SNHG1;SNHG20;NEAT1;MALAT1	0.222	2.29e-09	1.63e-08	2.18e-06	0.0571	4/56	18
hsa-miR-425-5p	MicroRNA	lncbase	5	SNHG1;MAGI2-AS3;NEAT1;MALAT1;H19	0.278	2.36e-09	1.67e-08	2.25e-06	0.0255	5/183	18
hsa-miR-3194-3p	MicroRNA	lncbase	4	SNHG1;SNHG5;NEAT1;H19	0.222	2.46e-09	1.73e-08	2.35e-06	0.0563	4/57	18
hsa-miR-760	MicroRNA	lncbase	4	SNHG1;NEAT1;MALAT1;H19	0.222	2.83e-09	1.96e-08	2.7e-06	0.0548	4/59	18
hsa-miR-374a-3p	MicroRNA	lncbase	4	SNHG1;SNHG5;NEAT1;MALAT1	0.222	2.83e-09	1.96e-08	2.7e-06	0.0548	4/59	18
hsa-miR-93-5p	MicroRNA	starbase	4	PVT1;SNHG20;MALAT1;H19	0.222	3.03e-09	6.46e-08	8.39e-07	0.0541	4/60	18
hsa-miR-106b-5p	MicroRNA	starbase	4	PVT1;SNHG20;MALAT1;H19	0.222	3.03e-09	6.46e-08	8.39e-07	0.0541	4/60	18
hsa-miR-17-5p	MicroRNA	starbase	4	PVT1;SNHG20;MALAT1;H19	0.222	3.03e-09	6.46e-08	8.39e-07	0.0541	4/60	18
hsa-miR-20a-5p	MicroRNA	starbase	4	PVT1;SNHG20;MALAT1;H19	0.222	3.03e-09	6.46e-08	8.39e-07	0.0541	4/60	18
hsa-miR-106a-5p	MicroRNA	starbase	4	PVT1;SNHG20;MALAT1;H19	0.222	3.03e-09	6.46e-08	8.39e-07	0.0541	4/60	18
hsa-miR-20b-5p	MicroRNA	starbase	4	PVT1;SNHG20;MALAT1;H19	0.222	3.03e-09	6.46e-08	8.39e-07	0.0541	4/60	18
hsa-miR-519d-3p	MicroRNA	starbase	4	PVT1;SNHG20;MALAT1;H19	0.222	3.03e-09	6.46e-08	8.39e-07	0.0541	4/60	18
hsa-miR-129-1-3p	MicroRNA	lncbase	4	SNHG5;NEAT1;MALAT1;H19	0.222	3.47e-09	2.33e-08	3.31e-06	0.0526	4/62	18
hsa-miR-92b-3p	MicroRNA	lncbase	4	SNHG1;GAS5;NEAT1;MALAT1	0.222	3.47e-09	2.33e-08	3.31e-06	0.0526	4/62	18
hsa-miR-222-3p	MicroRNA	lncbase	4	GAS5;NEAT1;MALAT1;H19	0.222	3.47e-09	2.33e-08	3.31e-06	0.0526	4/62	18
hsa-miR-3611	MicroRNA	lncbase	4	SNHG1;GAS5;NEAT1;MALAT1	0.222	3.47e-09	2.33e-08	3.31e-06	0.0526	4/62	18
hsa-miR-513c-5p	MicroRNA	lncbase	3	SNHG1;NEAT1;MALAT1	0.273	4.04e-09	2.7e-08	3.85e-06	0.115	3/11	18
hsa-miR-20b-5p	MicroRNA	lncbase	5	SNHG1;MAGI2-AS3;NEAT1;MALAT1;H19	0.278	4.17e-09	2.76e-08	3.98e-06	0.0229	5/205	18
hsa-miR-744-5p	MicroRNA	lncbase	4	SNHG1;NEAT1;MALAT1;H19	0.222	4.21e-09	2.77e-08	4.02e-06	0.0506	4/65	18
hsa-miR-188-5p	MicroRNA	lncbase	4	SNHG1;NEAT1;MALAT1;H19	0.222	4.48e-09	2.91e-08	4.27e-06	0.05	4/66	18
hsa-miR-18b-5p	MicroRNA	lncbase	4	SNHG15;NEAT1;MALAT1;H19	0.222	4.48e-09	2.91e-08	4.27e-06	0.05	4/66	18
hsa-miR-502-3p	MicroRNA	lncbase	4	PVT1;SNHG15;NEAT1;MALAT1	0.222	4.76e-09	3.07e-08	4.54e-06	0.0494	4/67	18
hsa-miR-452-3p	MicroRNA	lncbase	4	SNHG1;GAS5;NEAT1;MALAT1	0.222	5.06e-09	3.24e-08	4.83e-06	0.0488	4/68	18
hsa-miR-93-5p	MicroRNA	lncbase	5	SNHG1;MAGI2-AS3;NEAT1;MALAT1;H19	0.278	5.29e-09	3.35e-08	5.05e-06	0.0219	5/215	18
hsa-miR-363-3p	MicroRNA	lncbase	4	SNHG1;SNHG5;NEAT1;MALAT1	0.222	5.37e-09	3.35e-08	5.12e-06	0.0482	4/69	18
hsa-miR-378i	MicroRNA	lncbase	4	SNHG15;GAS5;NEAT1;MALAT1	0.222	5.37e-09	3.35e-08	5.12e-06	0.0482	4/69	18
hsa-miR-346	MicroRNA	starbase	3	SNHG15;GAS5;MALAT1	0.25	5.38e-09	1.06e-07	1.49e-06	0.111	3/12	18
hsa-miR-138-1-3p	MicroRNA	lncbase	3	SNHG5;NEAT1;MALAT1	0.25	5.38e-09	3.35e-08	5.13e-06	0.111	3/12	18
hsa-miR-17-5p	MicroRNA	lncbase	5	SNHG1;MAGI2-AS3;NEAT1;MALAT1;H19	0.278	5.54e-09	3.43e-08	5.29e-06	0.0217	5/217	18
hsa-miR-29b-3p	MicroRNA	lncbase	5	MAGI2-AS3;SNHG20;NEAT1;MALAT1;H19	0.278	5.94e-09	3.66e-08	5.67e-06	0.0215	5/220	18
hsa-miR-542-3p	MicroRNA	lncbase	4	GAS5;SNHG5;NEAT1;MALAT1	0.222	6.39e-09	3.88e-08	6.1e-06	0.0465	4/72	18
hsa-miR-483-3p	MicroRNA	lncbase	4	SNHG15;NEAT1;MALAT1;H19	0.222	6.39e-09	3.88e-08	6.1e-06	0.0465	4/72	18
hsa-miR-873-3p	MicroRNA	lncbase	4	PVT1;NEAT1;MALAT1;H19	0.222	6.75e-09	4.08e-08	6.44e-06	0.046	4/73	18
hsa-miR-936	MicroRNA	lncbase	3	SNHG1;NEAT1;MALAT1	0.231	7e-09	4.2e-08	6.68e-06	0.107	3/13	18
hsa-miR-2467-5p	MicroRNA	lncbase	4	SNHG1;SNHG15;NEAT1;MALAT1	0.222	7.14e-09	4.23e-08	6.81e-06	0.0455	4/74	18
hsa-miR-301b-3p	MicroRNA	lncbase	4	MAGI2-AS3;NEAT1;MALAT1;H19	0.222	7.14e-09	4.23e-08	6.81e-06	0.0455	4/74	18
hsa-miR-361-5p	MicroRNA	lncbase	5	SNHG1;GAS5;SNHG5;NEAT1;MALAT1	0.278	7.26e-09	4.26e-08	6.93e-06	0.0207	5/229	18
hsa-miR-222-5p	MicroRNA	lncbase	4	SNHG1;SNHG5;NEAT1;MALAT1	0.222	7.54e-09	4.26e-08	7.19e-06	0.0449	4/75	18
hsa-miR-590-3p	MicroRNA	lncbase	4	SNHG1;GAS5;NEAT1;MALAT1	0.222	7.54e-09	4.26e-08	7.19e-06	0.0449	4/75	18
hsa-miR-876-5p	MicroRNA	lncbase	4	SNHG1;GAS5;NEAT1;MALAT1	0.222	7.54e-09	4.26e-08	7.19e-06	0.0449	4/75	18
hsa-miR-491-5p	MicroRNA	lncbase	4	SNHG1;NEAT1;MALAT1;H19	0.222	7.54e-09	4.26e-08	7.19e-06	0.0449	4/75	18
hsa-miR-3685	MicroRNA	lncbase	4	GAS5;MAGI2-AS3;NEAT1;MALAT1	0.222	7.54e-09	4.26e-08	7.19e-06	0.0449	4/75	18
hsa-miR-18a-5p	MicroRNA	lncbase	4	SNHG15;NEAT1;MALAT1;H19	0.222	7.54e-09	4.26e-08	7.19e-06	0.0449	4/75	18
hsa-miR-92a-1-5p	MicroRNA	lncbase	4	GAS5;SNHG20;NEAT1;MALAT1	0.222	7.54e-09	4.26e-08	7.19e-06	0.0449	4/75	18
hsa-miR-22-3p	MicroRNA	lncbase	5	SNHG1;SNHG15;SNHG5;NEAT1;MALAT1	0.278	7.74e-09	4.34e-08	7.38e-06	0.0204	5/232	18
hsa-miR-1260a	MicroRNA	lncbase	4	SNHG1;NEAT1;MALAT1;H19	0.222	7.96e-09	4.42e-08	7.59e-06	0.0444	4/76	18
hsa-miR-1304-3p	MicroRNA	lncbase	4	SNHG1;SNHG15;NEAT1;MALAT1	0.222	7.96e-09	4.42e-08	7.59e-06	0.0444	4/76	18
hsa-miR-1254	MicroRNA	lncbase	4	SNHG20;NEAT1;MALAT1;H19	0.222	8.39e-09	4.6e-08	8e-06	0.044	4/77	18
hsa-miR-501-3p	MicroRNA	lncbase	4	PVT1;SNHG15;NEAT1;MALAT1	0.222	8.39e-09	4.6e-08	8e-06	0.044	4/77	18
hsa-miR-181c-3p	MicroRNA	lncbase	4	GAS5;SNHG5;NEAT1;MALAT1	0.222	8.84e-09	4.82e-08	8.43e-06	0.0435	4/78	18
hsa-miR-7-2-3p	MicroRNA	lncbase	3	SNHG1;NEAT1;MALAT1	0.214	8.9e-09	4.82e-08	8.49e-06	0.103	3/14	18
hsa-miR-486-5p	MicroRNA	lncbase	4	MAGI2-AS3;NEAT1;MALAT1;H19	0.222	9.8e-09	5.28e-08	9.35e-06	0.0426	4/80	18
hsa-miR-550a-3p	MicroRNA	lncbase	4	SNHG5;NEAT1;MALAT1;H19	0.222	1.08e-08	5.76e-08	1.03e-05	0.0417	4/82	18
hsa-miR-217	MicroRNA	lncbase	4	GAS5;SNHG20;NEAT1;MALAT1	0.222	1.08e-08	5.76e-08	1.03e-05	0.0417	4/82	18
hsa-miR-637	MicroRNA	lncbase	3	SNHG1;NEAT1;MALAT1	0.2	1.11e-08	5.88e-08	1.06e-05	0.1	3/15	18
hsa-miR-450a-5p	MicroRNA	lncbase	4	MAGI2-AS3;SNHG5;NEAT1;MALAT1	0.222	1.14e-08	6.01e-08	1.09e-05	0.0412	4/83	18
hsa-miR-4328	MicroRNA	lncbase	4	SNHG1;GAS5;SNHG5;NEAT1	0.222	1.25e-08	6.55e-08	1.19e-05	0.0404	4/85	18
hsa-miR-3157-5p	MicroRNA	lncbase	4	SNHG1;GAS5;NEAT1;MALAT1	0.222	1.31e-08	6.79e-08	1.25e-05	0.04	4/86	18
hsa-miR-488-3p	MicroRNA	lncbase	4	SNHG1;GAS5;NEAT1;MALAT1	0.222	1.31e-08	6.79e-08	1.25e-05	0.04	4/86	18
hsa-miR-194-3p	MicroRNA	lncbase	4	SNHG1;NEAT1;MALAT1;H19	0.222	1.58e-08	8.15e-08	1.51e-05	0.0385	4/90	18
hsa-miR-34c-5p	MicroRNA	lncbase	4	SNHG1;GAS5;NEAT1;MALAT1	0.222	1.65e-08	8.46e-08	1.57e-05	0.0381	4/91	18
hsa-miR-4661-5p	MicroRNA	lncbase	3	SNHG15;NEAT1;MALAT1	0.176	1.66e-08	8.47e-08	1.58e-05	0.0938	3/17	18
hsa-miR-518c-5p	MicroRNA	lncbase	4	SNHG1;NEAT1;MALAT1;H19	0.222	1.73e-08	8.78e-08	1.65e-05	0.0377	4/92	18
hsa-miR-34a-3p	MicroRNA	lncbase	4	SNHG1;GAS5;NEAT1;MALAT1	0.222	1.8e-08	9.09e-08	1.72e-05	0.0374	4/93	18
hsa-miR-130b-3p	MicroRNA	lncbase	4	MAGI2-AS3;NEAT1;MALAT1;H19	0.222	1.97e-08	9.89e-08	1.88e-05	0.0367	4/95	18
hsa-miR-885-5p	MicroRNA	lncbase	3	GAS5;NEAT1;MALAT1	0.167	1.99e-08	9.94e-08	1.9e-05	0.0909	3/18	18
hsa-miR-148a-5p	MicroRNA	lncbase	4	SNHG1;SNHG5;NEAT1;MALAT1	0.222	2.05e-08	1.02e-07	1.96e-05	0.0364	4/96	18
hsa-miR-21-5p	MicroRNA	lncbase	4	SNHG1;GAS5;NEAT1;MALAT1	0.222	2.23e-08	1.1e-07	2.13e-05	0.0357	4/98	18
hsa-miR-200a-5p	MicroRNA	lncbase	4	SNHG15;SNHG5;NEAT1;MALAT1	0.222	2.23e-08	1.1e-07	2.13e-05	0.0357	4/98	18
hsa-miR-101-3p	MicroRNA	starbase	3	SNHG1;NEAT1;MALAT1	0.167	2.37e-08	4.38e-07	6.56e-06	0.0882	3/19	18
hsa-miR-92b-5p	MicroRNA	lncbase	3	NEAT1;MALAT1;H19	0.167	2.37e-08	1.15e-07	2.26e-05	0.0882	3/19	18
hsa-miR-411-3p	MicroRNA	lncbase	3	GAS5;NEAT1;MALAT1	0.167	2.37e-08	1.15e-07	2.26e-05	0.0882	3/19	18
hsa-miR-1226-3p	MicroRNA	lncbase	4	SNHG1;NEAT1;MALAT1;H19	0.222	2.42e-08	1.17e-07	2.31e-05	0.0351	4/100	18
hsa-miR-582-5p	MicroRNA	lncbase	4	SNHG1;GAS5;NEAT1;MALAT1	0.222	2.52e-08	1.21e-07	2.4e-05	0.0348	4/101	18
hsa-miR-15a-3p	MicroRNA	lncbase	4	GAS5;NEAT1;MALAT1;H19	0.222	2.62e-08	1.26e-07	2.5e-05	0.0345	4/102	18
hsa-miR-199b-5p	MicroRNA	lncbase	4	SNHG1;NEAT1;MALAT1;H19	0.222	2.73e-08	1.3e-07	2.6e-05	0.0342	4/103	18
hsa-miR-383-5p	MicroRNA	starbase	3	SNHG1;NEAT1;MALAT1	0.167	2.78e-08	4.81e-07	7.7e-06	0.0857	3/20	18
hsa-miR-26a-5p	MicroRNA	lncbase	5	GAS5;MAGI2-AS3;SNHG5;NEAT1;MALAT1	0.278	2.93e-08	1.39e-07	2.8e-05	0.0158	5/303	18
hsa-miR-146b-3p	MicroRNA	lncbase	4	SNHG15;NEAT1;MALAT1;H19	0.222	2.95e-08	1.39e-07	2.81e-05	0.0336	4/105	18
hsa-miR-216b-5p	MicroRNA	starbase	3	SNHG1;MALAT1;H19	0.167	3.25e-08	5.3e-07	9e-06	0.0833	3/21	18
hsa-miR-140-5p	MicroRNA	lncbase	4	SNHG1;MAGI2-AS3;NEAT1;MALAT1	0.222	3.3e-08	1.55e-07	3.15e-05	0.0328	4/108	18
hsa-miR-10a-3p	MicroRNA	lncbase	4	SNHG15;NEAT1;MALAT1;H19	0.222	3.43e-08	1.6e-07	3.27e-05	0.0325	4/109	18
hsa-miR-199a-5p	MicroRNA	lncbase	4	SNHG1;NEAT1;MALAT1;H19	0.222	3.43e-08	1.6e-07	3.27e-05	0.0325	4/109	18
hsa-miR-362-3p	MicroRNA	lncbase	4	SNHG1;SNHG20;NEAT1;MALAT1	0.222	3.69e-08	1.7e-07	3.52e-05	0.032	4/111	18
hsa-miR-18a-3p	MicroRNA	lncbase	4	SNHG1;NEAT1;MALAT1;H19	0.222	3.69e-08	1.7e-07	3.52e-05	0.032	4/111	18
hsa-miR-455-5p	MicroRNA	starbase	3	PVT1;GAS5;MALAT1	0.167	3.76e-08	5.79e-07	1.04e-05	0.0811	3/22	18
hsa-miR-4454	MicroRNA	lncbase	3	SNHG5;NEAT1;MALAT1	0.167	3.76e-08	1.71e-07	3.59e-05	0.0811	3/22	18
hsa-miR-4738-3p	MicroRNA	lncbase	3	SNHG20;NEAT1;MALAT1	0.167	3.76e-08	1.71e-07	3.59e-05	0.0811	3/22	18
hsa-miR-595	MicroRNA	lncbase	3	SNHG1;NEAT1;MALAT1	0.167	3.76e-08	1.71e-07	3.59e-05	0.0811	3/22	18
hsa-miR-129-2-3p	MicroRNA	lncbase	4	SNHG5;NEAT1;MALAT1;H19	0.222	3.97e-08	1.79e-07	3.79e-05	0.0315	4/113	18
hsa-miR-361-3p	MicroRNA	lncbase	4	SNHG1;NEAT1;MALAT1;H19	0.222	4.11e-08	1.85e-07	3.92e-05	0.0312	4/114	18
hsa-miR-769-3p	MicroRNA	lncbase	4	GAS5;NEAT1;MALAT1;H19	0.222	4.26e-08	1.9e-07	4.06e-05	0.031	4/115	18
hsa-miR-377-3p	MicroRNA	starbase	3	SNHG1;SNHG5;NEAT1	0.167	4.32e-08	6.3e-07	1.2e-05	0.0789	3/23	18
hsa-miR-374c-3p	MicroRNA	lncbase	3	GAS5;NEAT1;H19	0.167	4.32e-08	1.9e-07	4.12e-05	0.0789	3/23	18
hsa-miR-1246	MicroRNA	lncbase	3	GAS5;NEAT1;MALAT1	0.167	4.32e-08	1.9e-07	4.12e-05	0.0789	3/23	18
hsa-miR-31-3p	MicroRNA	lncbase	3	SNHG1;NEAT1;MALAT1	0.167	4.32e-08	1.9e-07	4.12e-05	0.0789	3/23	18
hsa-miR-486-3p	MicroRNA	lncbase	3	NEAT1;MALAT1;H19	0.167	4.32e-08	1.9e-07	4.12e-05	0.0789	3/23	18
hsa-miR-107	MicroRNA	lncbase	5	SNHG1;SNHG20;NEAT1;MALAT1;H19	0.278	4.35e-08	1.9e-07	4.15e-05	0.0147	5/328	18
hsa-miR-26b-3p	MicroRNA	lncbase	4	SNHG1;MAGI2-AS3;NEAT1;MALAT1	0.222	4.41e-08	1.92e-07	4.21e-05	0.0308	4/116	18
hsa-miR-103a-3p	MicroRNA	lncbase	5	SNHG1;SNHG20;NEAT1;MALAT1;H19	0.278	4.42e-08	1.92e-07	4.22e-05	0.0146	5/329	18
hsa-miR-378a-5p	MicroRNA	lncbase	4	GAS5;NEAT1;MALAT1;H19	0.222	4.56e-08	1.97e-07	4.35e-05	0.0305	4/117	18
hsa-miR-1914-3p	MicroRNA	lncbase	4	MIR497HG;NEAT1;MALAT1;H19	0.222	4.72e-08	2.03e-07	4.5e-05	0.0303	4/118	18
hsa-miR-181a-5p	MicroRNA	lncbase	5	GAS5;MAGI2-AS3;SNHG5;NEAT1;MALAT1	0.278	4.83e-08	2.07e-07	4.61e-05	0.0144	5/335	18
hsa-miR-450b-5p	MicroRNA	lncbase	4	MAGI2-AS3;SNHG5;NEAT1;MALAT1	0.222	4.88e-08	2.08e-07	4.66e-05	0.0301	4/119	18
hsa-miR-194-5p	MicroRNA	starbase	3	NEAT1;MALAT1;H19	0.167	4.94e-08	6.52e-07	1.37e-05	0.0769	3/24	18
hsa-miR-205-5p	MicroRNA	starbase	3	GAS5;SNHG5;MALAT1	0.167	4.94e-08	6.52e-07	1.37e-05	0.0769	3/24	18
hsa-miR-548a-5p	MicroRNA	lncbase	3	SNHG5;NEAT1;MALAT1	0.167	4.94e-08	2.09e-07	4.71e-05	0.0769	3/24	18
hsa-miR-25-3p	MicroRNA	lncbase	4	SNHG1;SNHG5;NEAT1;MALAT1	0.222	5.4e-08	2.28e-07	5.15e-05	0.0294	4/122	18
hsa-miR-873-5p	MicroRNA	starbase	3	SNHG15;GAS5;MALAT1	0.167	6.34e-08	7.98e-07	1.76e-05	0.0732	3/26	18
hsa-miR-324-3p	MicroRNA	lncbase	4	SNHG1;NEAT1;MALAT1;H19	0.222	6.35e-08	2.67e-07	6.06e-05	0.0284	4/127	18
hsa-miR-449b-5p	MicroRNA	lncbase	4	SNHG1;GAS5;NEAT1;MALAT1	0.222	6.76e-08	2.83e-07	6.45e-05	0.028	4/129	18
hsa-miR-96-5p	MicroRNA	lncbase	4	GAS5;SNHG20;NEAT1;MALAT1	0.222	7.41e-08	3.07e-07	7.07e-05	0.0274	4/132	18
hsa-miR-106b-5p	MicroRNA	lncbase	4	SNHG1;NEAT1;MALAT1;H19	0.222	7.41e-08	3.07e-07	7.07e-05	0.0274	4/132	18
hsa-miR-326	MicroRNA	lncbase	4	SNHG1;NEAT1;MALAT1;H19	0.222	7.64e-08	3.14e-07	7.29e-05	0.0272	4/133	18
hsa-miR-20a-5p	MicroRNA	lncbase	4	SNHG1;NEAT1;MALAT1;H19	0.222	7.64e-08	3.14e-07	7.29e-05	0.0272	4/133	18
hsa-miR-205-5p	MicroRNA	lncbase	3	SNHG1;GAS5;MALAT1	0.167	7.99e-08	3.26e-07	7.62e-05	0.0698	3/28	18
hsa-miR-941	MicroRNA	lncbase	3	NEAT1;MALAT1;H19	0.167	7.99e-08	3.26e-07	7.62e-05	0.0698	3/28	18
hsa-miR-518f-5p	MicroRNA	lncbase	3	NEAT1;MALAT1;H19	0.167	8.91e-08	3.62e-07	8.5e-05	0.0682	3/29	18
hsa-miR-548ax	MicroRNA	lncbase	3	SNHG5;NEAT1;MALAT1	0.167	9.9e-08	3.92e-07	9.44e-05	0.0667	3/30	18
hsa-miR-154-5p	MicroRNA	lncbase	3	SNHG5;NEAT1;MALAT1	0.167	9.9e-08	3.92e-07	9.44e-05	0.0667	3/30	18
hsa-miR-548d-5p	MicroRNA	lncbase	3	MAGI2-AS3;NEAT1;MALAT1	0.167	9.9e-08	3.92e-07	9.44e-05	0.0667	3/30	18
hsa-miR-548h-5p	MicroRNA	lncbase	3	SNHG5;NEAT1;MALAT1	0.167	9.9e-08	3.92e-07	9.44e-05	0.0667	3/30	18
hsa-miR-548ap-3p	MicroRNA	lncbase	3	MAGI2-AS3;NEAT1;MALAT1	0.167	9.9e-08	3.92e-07	9.44e-05	0.0667	3/30	18
hsa-miR-124-5p	MicroRNA	lncbase	3	SNHG1;NEAT1;MALAT1	0.167	9.9e-08	3.92e-07	9.44e-05	0.0667	3/30	18
hsa-miR-181c-5p	MicroRNA	lncbase	4	GAS5;SNHG5;NEAT1;MALAT1	0.222	1.05e-07	4.12e-07	1e-04	0.0253	4/144	18
hsa-miR-130b-5p	MicroRNA	lncbase	4	SNHG15;SNHG5;NEAT1;MALAT1	0.222	1.05e-07	4.12e-07	1e-04	0.0253	4/144	18
hsa-miR-128-3p	MicroRNA	starbase	3	PVT1;GAS5;MIR497HG	0.167	1.1e-07	1.32e-06	3.05e-05	0.0652	3/31	18
hsa-miR-216a-5p	MicroRNA	starbase	3	SNHG5;NEAT1;MALAT1	0.167	1.21e-07	1.4e-06	3.35e-05	0.0638	3/32	18
hsa-miR-1243	MicroRNA	lncbase	3	SNHG15;NEAT1;MALAT1	0.167	1.21e-07	4.71e-07	0.000115	0.0638	3/32	18
hsa-miR-548c-5p	MicroRNA	lncbase	3	MAGI2-AS3;NEAT1;MALAT1	0.167	1.21e-07	4.71e-07	0.000115	0.0638	3/32	18
hsa-miR-451a	MicroRNA	lncbase	3	SNHG15;NEAT1;MALAT1	0.167	1.33e-07	5.14e-07	0.000127	0.0625	3/33	18
hsa-miR-1179	MicroRNA	lncbase	3	GAS5;NEAT1;MALAT1	0.167	1.33e-07	5.14e-07	0.000127	0.0625	3/33	18
hsa-miR-382-5p	MicroRNA	lncbase	4	MAGI2-AS3;SNHG5;NEAT1;MALAT1	0.222	1.38e-07	5.31e-07	0.000132	0.0238	4/154	18
hsa-miR-103a-2-5p	MicroRNA	lncbase	4	GAS5;SNHG5;NEAT1;MALAT1	0.222	1.41e-07	5.4e-07	0.000135	0.0237	4/155	18
hsa-miR-561-5p	MicroRNA	lncbase	3	GAS5;NEAT1;MALAT1	0.167	1.46e-07	5.53e-07	0.000139	0.0612	3/34	18
hsa-miR-302a-3p	MicroRNA	lncbase	3	PVT1;NEAT1;MALAT1	0.167	1.46e-07	5.53e-07	0.000139	0.0612	3/34	18
hsa-let-7i-3p	MicroRNA	lncbase	3	NEAT1;MALAT1;H19	0.167	1.46e-07	5.53e-07	0.000139	0.0612	3/34	18
hsa-miR-374b-5p	MicroRNA	starbase	3	GAS5;MAGI2-AS3;MALAT1	0.167	1.59e-07	1.69e-06	4.4e-05	0.06	3/35	18
hsa-miR-374a-5p	MicroRNA	starbase	3	GAS5;MAGI2-AS3;MALAT1	0.167	1.59e-07	1.69e-06	4.4e-05	0.06	3/35	18
hsa-miR-33b-3p	MicroRNA	lncbase	3	NEAT1;MALAT1;H19	0.167	1.59e-07	5.97e-07	0.000152	0.06	3/35	18
hsa-miR-379-3p	MicroRNA	lncbase	3	GAS5;NEAT1;MALAT1	0.167	1.59e-07	5.97e-07	0.000152	0.06	3/35	18
hsa-miR-9-3p	MicroRNA	lncbase	4	MAGI2-AS3;SNHG5;NEAT1;MALAT1	0.222	1.73e-07	6.46e-07	0.000165	0.0226	4/163	18
hsa-miR-455-5p	MicroRNA	lncbase	3	GAS5;NEAT1;MALAT1	0.167	1.74e-07	6.46e-07	0.000166	0.0588	3/36	18
hsa-miR-4742-3p	MicroRNA	lncbase	3	SNHG1;NEAT1;MALAT1	0.167	1.74e-07	6.46e-07	0.000166	0.0588	3/36	18
hsa-miR-33b-5p	MicroRNA	lncbase	4	SNHG15;MAGI2-AS3;NEAT1;MALAT1	0.222	1.77e-07	6.54e-07	0.000169	0.0225	4/164	18
hsa-miR-873-5p	MicroRNA	lncbase	4	GAS5;NEAT1;MALAT1;H19	0.222	1.86e-07	6.85e-07	0.000177	0.0222	4/166	18
hsa-miR-29a-3p	MicroRNA	starbase	3	GAS5;SNHG20;H19	0.167	1.89e-07	1.81e-06	5.24e-05	0.0577	3/37	18
hsa-miR-29c-3p	MicroRNA	starbase	3	GAS5;SNHG20;H19	0.167	1.89e-07	1.81e-06	5.24e-05	0.0577	3/37	18
hsa-miR-29b-3p	MicroRNA	starbase	3	GAS5;SNHG20;H19	0.167	1.89e-07	1.81e-06	5.24e-05	0.0577	3/37	18
hsa-miR-544a	MicroRNA	starbase	3	PVT1;GAS5;MALAT1	0.167	2.05e-07	1.89e-06	5.68e-05	0.0566	3/38	18
hsa-miR-139-3p	MicroRNA	lncbase	3	PVT1;NEAT1;MALAT1	0.167	2.22e-07	8.15e-07	0.000212	0.0556	3/39	18
hsa-miR-1207-5p	MicroRNA	lncbase	3	SNHG1;GAS5;NEAT1	0.167	2.4e-07	8.74e-07	0.000229	0.0545	3/40	18
hsa-miR-744-3p	MicroRNA	lncbase	3	SNHG1;NEAT1;MALAT1	0.167	2.4e-07	8.74e-07	0.000229	0.0545	3/40	18
hsa-miR-1297	MicroRNA	starbase	3	GAS5;SNHG5;MALAT1	0.167	2.59e-07	2.27e-06	7.17e-05	0.0536	3/41	18
hsa-miR-1307-3p	MicroRNA	lncbase	3	GAS5;SNHG5;NEAT1	0.167	2.59e-07	9.36e-07	0.000247	0.0536	3/41	18
hsa-miR-548b-5p	MicroRNA	lncbase	3	SNHG5;NEAT1;MALAT1	0.167	2.59e-07	9.36e-07	0.000247	0.0536	3/41	18
hsa-miR-302a-5p	MicroRNA	lncbase	2	GAS5;NEAT1	0.667	2.69e-07	9.65e-07	0.000257	0.105	2/3	18
hsa-miR-365b-5p	MicroRNA	lncbase	2	SNHG1;NEAT1	0.667	2.69e-07	9.65e-07	0.000257	0.105	2/3	18
hsa-miR-33a-5p	MicroRNA	lncbase	4	SNHG15;MAGI2-AS3;NEAT1;MALAT1	0.222	2.75e-07	9.83e-07	0.000262	0.0203	4/183	18
hsa-miR-26a-5p	MicroRNA	starbase	3	GAS5;SNHG5;MALAT1	0.167	2.79e-07	2.27e-06	7.73e-05	0.0526	3/42	18
hsa-miR-26b-5p	MicroRNA	starbase	3	GAS5;SNHG5;MALAT1	0.167	2.79e-07	2.27e-06	7.73e-05	0.0526	3/42	18
hsa-miR-4465	MicroRNA	starbase	3	GAS5;SNHG5;MALAT1	0.167	2.79e-07	2.27e-06	7.73e-05	0.0526	3/42	18
hsa-miR-34c-3p	MicroRNA	lncbase	3	SNHG1;NEAT1;MALAT1	0.167	2.79e-07	9.86e-07	0.000266	0.0526	3/42	18
hsa-miR-490-3p	MicroRNA	lncbase	3	SNHG20;NEAT1;MALAT1	0.167	2.79e-07	9.86e-07	0.000266	0.0526	3/42	18
hsa-miR-183-3p	MicroRNA	lncbase	3	SNHG1;NEAT1;MALAT1	0.167	2.79e-07	9.86e-07	0.000266	0.0526	3/42	18
hsa-miR-19a-3p	MicroRNA	lncbase	4	MAGI2-AS3;SNHG5;NEAT1;H19	0.222	2.93e-07	1.03e-06	0.00028	0.02	4/186	18
hsa-miR-24-1-5p	MicroRNA	lncbase	3	NEAT1;MALAT1;H19	0.167	3e-07	1.04e-06	0.000286	0.0517	3/43	18
hsa-miR-139-5p	MicroRNA	lncbase	4	GAS5;MAGI2-AS3;NEAT1;MALAT1	0.222	3e-07	1.04e-06	0.000286	0.0199	4/187	18
hsa-miR-193b-5p	MicroRNA	lncbase	3	NEAT1;MALAT1;H19	0.167	3e-07	1.04e-06	0.000286	0.0517	3/43	18
hsa-miR-708-5p	MicroRNA	lncbase	4	GAS5;MAGI2-AS3;NEAT1;MALAT1	0.222	3.13e-07	1.09e-06	0.000299	0.0197	4/189	18
hsa-miR-1276	MicroRNA	lncbase	3	SNHG1;NEAT1;MALAT1	0.167	3.22e-07	1.11e-06	0.000307	0.0508	3/44	18
hsa-miR-370-3p	MicroRNA	starbase	3	NEAT1;MALAT1;H19	0.167	3.45e-07	2.73e-06	9.56e-05	0.05	3/45	18
hsa-miR-214-5p	MicroRNA	lncbase	3	NEAT1;MALAT1;H19	0.167	3.45e-07	1.18e-06	0.000329	0.05	3/45	18
hsa-miR-518a-5p	MicroRNA	lncbase	3	NEAT1;MALAT1;H19	0.167	3.45e-07	1.18e-06	0.000329	0.05	3/45	18
hsa-miR-3619-5p	MicroRNA	lncbase	4	GAS5;SNHG5;NEAT1;MALAT1	0.222	3.61e-07	1.23e-06	0.000344	0.019	4/196	18
hsa-miR-24-2-5p	MicroRNA	lncbase	3	NEAT1;MALAT1;H19	0.167	3.69e-07	1.25e-06	0.000352	0.0492	3/46	18
hsa-miR-493-5p	MicroRNA	lncbase	3	SNHG1;NEAT1;MALAT1	0.167	3.69e-07	1.25e-06	0.000352	0.0492	3/46	18
hsa-miR-19b-3p	MicroRNA	lncbase	4	MAGI2-AS3;SNHG5;NEAT1;H19	0.222	3.84e-07	1.3e-06	0.000366	0.0188	4/199	18
hsa-miR-548l	MicroRNA	lncbase	3	MAGI2-AS3;NEAT1;MALAT1	0.167	3.94e-07	1.31e-06	0.000376	0.0484	3/47	18
hsa-miR-624-3p	MicroRNA	lncbase	3	NEAT1;MALAT1;H19	0.167	3.94e-07	1.31e-06	0.000376	0.0484	3/47	18
hsa-miR-190b	MicroRNA	lncbase	3	GAS5;NEAT1;MALAT1	0.167	3.94e-07	1.31e-06	0.000376	0.0484	3/47	18
hsa-miR-3200-5p	MicroRNA	lncbase	3	GAS5;SNHG5;NEAT1	0.167	3.94e-07	1.31e-06	0.000376	0.0484	3/47	18
hsa-miR-548d-3p	MicroRNA	lncbase	3	SNHG1;NEAT1;MALAT1	0.167	4.2e-07	1.38e-06	0.000401	0.0476	3/48	18
hsa-miR-548k	MicroRNA	lncbase	3	SNHG5;NEAT1;MALAT1	0.167	4.2e-07	1.38e-06	0.000401	0.0476	3/48	18
hsa-miR-3943	MicroRNA	lncbase	3	SNHG1;NEAT1;MALAT1	0.167	4.2e-07	1.38e-06	0.000401	0.0476	3/48	18
hsa-miR-505-3p	MicroRNA	lncbase	3	NEAT1;MALAT1;H19	0.167	4.2e-07	1.38e-06	0.000401	0.0476	3/48	18
hsa-miR-4664-5p	MicroRNA	lncbase	3	SNHG20;NEAT1;MALAT1	0.167	4.48e-07	1.47e-06	0.000427	0.0469	3/49	18
hsa-miR-766-3p	MicroRNA	lncbase	4	SNHG1;NEAT1;MALAT1;H19	0.222	4.76e-07	1.54e-06	0.000454	0.0179	4/210	18
hsa-miR-182-3p	MicroRNA	lncbase	3	SNHG1;NEAT1;MALAT1	0.167	4.76e-07	1.54e-06	0.000454	0.0462	3/50	18
hsa-miR-4422	MicroRNA	lncbase	3	SNHG1;NEAT1;MALAT1	0.167	4.76e-07	1.54e-06	0.000454	0.0462	3/50	18
hsa-miR-132-3p	MicroRNA	lncbase	4	MAGI2-AS3;SNHG5;NEAT1;MALAT1	0.222	4.85e-07	1.57e-06	0.000463	0.0178	4/211	18
hsa-let-7a-2-3p	MicroRNA	lncbase	2	NEAT1;MALAT1	0.5	5.37e-07	1.7e-06	0.000512	0.1	2/4	18
hsa-miR-302c-5p	MicroRNA	lncbase	2	NEAT1;MALAT1	0.5	5.37e-07	1.7e-06	0.000512	0.1	2/4	18
hsa-miR-380-5p	MicroRNA	lncbase	2	NEAT1;MALAT1	0.5	5.37e-07	1.7e-06	0.000512	0.1	2/4	18
hsa-miR-518d-5p	MicroRNA	lncbase	2	NEAT1;MALAT1	0.5	5.37e-07	1.7e-06	0.000512	0.1	2/4	18
hsa-miR-520c-5p	MicroRNA	lncbase	2	NEAT1;MALAT1	0.5	5.37e-07	1.7e-06	0.000512	0.1	2/4	18
hsa-miR-526a	MicroRNA	lncbase	2	NEAT1;MALAT1	0.5	5.37e-07	1.7e-06	0.000512	0.1	2/4	18
hsa-miR-29c-3p	MicroRNA	lncbase	4	SNHG20;NEAT1;MALAT1;H19	0.222	5.63e-07	1.78e-06	0.000537	0.0172	4/219	18
hsa-miR-548b-3p	MicroRNA	lncbase	3	SNHG15;NEAT1;MALAT1	0.167	5.69e-07	1.79e-06	0.000543	0.0441	3/53	18
hsa-miR-1270	MicroRNA	lncbase	3	NEAT1;MALAT1;H19	0.167	5.69e-07	1.79e-06	0.000543	0.0441	3/53	18
hsa-miR-29a-3p	MicroRNA	lncbase	4	SNHG20;NEAT1;MALAT1;H19	0.222	5.83e-07	1.82e-06	0.000556	0.017	4/221	18
hsa-miR-320a	MicroRNA	lncbase	4	GAS5;SNHG5;NEAT1;MALAT1	0.222	5.94e-07	1.85e-06	0.000567	0.0169	4/222	18
hsa-miR-224-3p	MicroRNA	lncbase	3	GAS5;NEAT1;MALAT1	0.167	6.02e-07	1.86e-06	0.000574	0.0435	3/54	18
hsa-miR-4487	MicroRNA	lncbase	3	GAS5;NEAT1;MALAT1	0.167	6.02e-07	1.86e-06	0.000574	0.0435	3/54	18
hsa-miR-378g	MicroRNA	lncbase	3	MAGI2-AS3;NEAT1;H19	0.167	6.02e-07	1.86e-06	0.000574	0.0435	3/54	18
hsa-let-7e-5p	MicroRNA	lncbase	4	GAS5;NEAT1;MALAT1;H19	0.222	6.05e-07	1.86e-06	0.000577	0.0169	4/223	18
hsa-miR-101-3p	MicroRNA	lncbase	4	SNHG1;GAS5;NEAT1;MALAT1	0.222	6.27e-07	1.92e-06	0.000598	0.0167	4/225	18
hsa-miR-340-3p	MicroRNA	lncbase	3	NEAT1;MALAT1;H19	0.167	6.37e-07	1.94e-06	0.000608	0.0429	3/55	18
hsa-miR-3200-3p	MicroRNA	lncbase	3	SNHG1;NEAT1;MALAT1	0.167	6.37e-07	1.94e-06	0.000608	0.0429	3/55	18
hsa-miR-299-5p	MicroRNA	lncbase	3	SNHG1;NEAT1;MALAT1	0.167	6.37e-07	1.94e-06	0.000608	0.0429	3/55	18
hsa-miR-126-5p	MicroRNA	lncbase	4	MAGI2-AS3;SNHG5;NEAT1;MALAT1	0.222	6.61e-07	2e-06	0.000631	0.0165	4/228	18
hsa-miR-3613-3p	MicroRNA	lncbase	3	MAGI2-AS3;NEAT1;MALAT1	0.167	6.72e-07	2.03e-06	0.000641	0.0423	3/56	18
hsa-miR-30b-5p	MicroRNA	lncbase	4	MAGI2-AS3;NEAT1;MALAT1;H19	0.222	7.08e-07	2.13e-06	0.000675	0.0163	4/232	18
hsa-miR-30c-5p	MicroRNA	lncbase	4	MAGI2-AS3;NEAT1;MALAT1;H19	0.222	7.45e-07	2.23e-06	0.000711	0.0161	4/235	18
hsa-miR-218-1-3p	MicroRNA	lncbase	3	SNHG1;NEAT1;MALAT1	0.167	7.48e-07	2.23e-06	0.000714	0.0411	3/58	18
hsa-miR-452-5p	MicroRNA	lncbase	3	GAS5;NEAT1;MALAT1	0.167	7.48e-07	2.23e-06	0.000714	0.0411	3/58	18
hsa-miR-99b-5p	MicroRNA	lncbase	3	NEAT1;MALAT1;H19	0.167	7.88e-07	2.33e-06	0.000752	0.0405	3/59	18
hsa-miR-4511	MicroRNA	lncbase	3	GAS5;NEAT1;MALAT1	0.167	7.88e-07	2.33e-06	0.000752	0.0405	3/59	18
hsa-miR-1224-3p	MicroRNA	lncbase	3	GAS5;NEAT1;H19	0.167	7.88e-07	2.33e-06	0.000752	0.0405	3/59	18
hsa-miR-3127-3p	MicroRNA	lncbase	3	SNHG1;NEAT1;MALAT1	0.167	8.29e-07	2.43e-06	0.000791	0.04	3/60	18
hsa-miR-424-3p	MicroRNA	lncbase	3	SNHG20;NEAT1;MALAT1	0.167	8.29e-07	2.43e-06	0.000791	0.04	3/60	18
hsa-miR-2277-3p	MicroRNA	lncbase	3	SNHG1;NEAT1;MALAT1	0.167	8.29e-07	2.43e-06	0.000791	0.04	3/60	18
hsa-miR-652-5p	MicroRNA	lncbase	3	PVT1;NEAT1;MALAT1	0.167	8.72e-07	2.54e-06	0.000832	0.0395	3/61	18
hsa-miR-659-3p	MicroRNA	lncbase	2	NEAT1;MALAT1	0.4	8.95e-07	2.56e-06	0.000854	0.0952	2/5	18
hsa-miR-138-2-3p	MicroRNA	lncbase	2	SNHG1;NEAT1	0.4	8.95e-07	2.56e-06	0.000854	0.0952	2/5	18
hsa-miR-337-5p	MicroRNA	lncbase	2	NEAT1;MALAT1	0.4	8.95e-07	2.56e-06	0.000854	0.0952	2/5	18
hsa-miR-513a-3p	MicroRNA	lncbase	2	NEAT1;MALAT1	0.4	8.95e-07	2.56e-06	0.000854	0.0952	2/5	18
hsa-miR-506-3p	MicroRNA	lncbase	2	NEAT1;MALAT1	0.4	8.95e-07	2.56e-06	0.000854	0.0952	2/5	18
hsa-miR-548x-3p	MicroRNA	lncbase	2	NEAT1;MALAT1	0.4	8.95e-07	2.56e-06	0.000854	0.0952	2/5	18
hsa-miR-570-3p	MicroRNA	lncbase	2	NEAT1;MALAT1	0.4	8.95e-07	2.56e-06	0.000854	0.0952	2/5	18
hsa-miR-582-3p	MicroRNA	lncbase	3	SNHG15;NEAT1;MALAT1	0.167	9.62e-07	2.72e-06	0.000918	0.0385	3/63	18
hsa-miR-4326	MicroRNA	lncbase	3	SNHG1;NEAT1;MALAT1	0.167	9.62e-07	2.72e-06	0.000918	0.0385	3/63	18
hsa-miR-23c	MicroRNA	lncbase	3	SNHG1;NEAT1;MALAT1	0.167	9.62e-07	2.72e-06	0.000918	0.0385	3/63	18
hsa-miR-212-3p	MicroRNA	lncbase	3	SNHG5;NEAT1;MALAT1	0.167	1.01e-06	2.85e-06	0.000964	0.038	3/64	18
hsa-miR-374b-3p	MicroRNA	lncbase	3	SNHG20;NEAT1;MALAT1	0.167	1.06e-06	2.97e-06	0.00101	0.0375	3/65	18
hsa-miR-296-3p	MicroRNA	lncbase	3	SNHG20;NEAT1;MALAT1	0.167	1.06e-06	2.97e-06	0.00101	0.0375	3/65	18
hsa-miR-615-5p	MicroRNA	lncbase	3	NEAT1;MALAT1;H19	0.167	1.11e-06	3.1e-06	0.00106	0.037	3/66	18
hsa-miR-545-5p	MicroRNA	lncbase	3	SNHG1;NEAT1;MALAT1	0.167	1.11e-06	3.1e-06	0.00106	0.037	3/66	18
hsa-miR-150-5p	MicroRNA	lncbase	3	SNHG1;NEAT1;MALAT1	0.167	1.16e-06	3.2e-06	0.00111	0.0366	3/67	18
hsa-let-7g-3p	MicroRNA	lncbase	3	SNHG1;NEAT1;MALAT1	0.167	1.16e-06	3.2e-06	0.00111	0.0366	3/67	18
hsa-miR-200a-3p	MicroRNA	lncbase	3	NEAT1;MALAT1;H19	0.167	1.16e-06	3.2e-06	0.00111	0.0366	3/67	18
hsa-miR-151a-5p	MicroRNA	lncbase	3	NEAT1;MALAT1;H19	0.167	1.16e-06	3.2e-06	0.00111	0.0366	3/67	18
hsa-miR-192-3p	MicroRNA	lncbase	3	NEAT1;MALAT1;H19	0.167	1.21e-06	3.33e-06	0.00115	0.0361	3/68	18
hsa-miR-199b-3p	MicroRNA	lncbase	3	SNHG1;NEAT1;MALAT1	0.167	1.27e-06	3.48e-06	0.00121	0.0357	3/69	18
hsa-miR-3179	MicroRNA	lncbase	3	NEAT1;MALAT1;H19	0.167	1.32e-06	3.61e-06	0.00126	0.0353	3/70	18
hsa-miR-548aa	MicroRNA	lncbase	2	NEAT1;MALAT1	0.333	1.34e-06	3.61e-06	0.00128	0.0909	2/6	18
hsa-miR-512-3p	MicroRNA	lncbase	2	NEAT1;MALAT1	0.333	1.34e-06	3.61e-06	0.00128	0.0909	2/6	18
hsa-miR-3130-5p	MicroRNA	lncbase	2	NEAT1;MALAT1	0.333	1.34e-06	3.61e-06	0.00128	0.0909	2/6	18
hsa-miR-621	MicroRNA	lncbase	2	NEAT1;MALAT1	0.333	1.34e-06	3.61e-06	0.00128	0.0909	2/6	18
hsa-miR-662	MicroRNA	lncbase	2	NEAT1;MALAT1	0.333	1.34e-06	3.61e-06	0.00128	0.0909	2/6	18
hsa-miR-4691-3p	MicroRNA	lncbase	3	SNHG1;NEAT1;H19	0.167	1.38e-06	3.7e-06	0.00132	0.0349	3/71	18
hsa-miR-877-5p	MicroRNA	lncbase	3	MAGI2-AS3;NEAT1;MALAT1	0.167	1.38e-06	3.7e-06	0.00132	0.0349	3/71	18
hsa-miR-4705	MicroRNA	lncbase	3	SNHG1;NEAT1;MALAT1	0.167	1.44e-06	3.84e-06	0.00137	0.0345	3/72	18
hsa-miR-507	MicroRNA	lncbase	3	SNHG1;NEAT1;MALAT1	0.167	1.44e-06	3.84e-06	0.00137	0.0345	3/72	18
hsa-miR-127-5p	MicroRNA	lncbase	3	NEAT1;MALAT1;H19	0.167	1.5e-06	3.96e-06	0.00143	0.0341	3/73	18
hsa-miR-142-5p	MicroRNA	lncbase	3	GAS5;NEAT1;MALAT1	0.167	1.5e-06	3.96e-06	0.00143	0.0341	3/73	18
hsa-miR-141-3p	MicroRNA	lncbase	3	NEAT1;MALAT1;H19	0.167	1.5e-06	3.96e-06	0.00143	0.0341	3/73	18
hsa-miR-548n	MicroRNA	lncbase	3	SNHG5;NEAT1;MALAT1	0.167	1.57e-06	4.14e-06	0.0015	0.0337	3/74	18
hsa-miR-193a-3p	MicroRNA	lncbase	3	SNHG15;NEAT1;MALAT1	0.167	1.63e-06	4.27e-06	0.00156	0.0333	3/75	18
hsa-miR-5008-5p	MicroRNA	lncbase	3	PVT1;NEAT1;MALAT1	0.167	1.63e-06	4.27e-06	0.00156	0.0333	3/75	18
hsa-miR-2110	MicroRNA	lncbase	3	NEAT1;MALAT1;H19	0.167	1.7e-06	4.44e-06	0.00162	0.033	3/76	18
hsa-miR-378d	MicroRNA	lncbase	3	SNHG15;NEAT1;MALAT1	0.167	1.77e-06	4.58e-06	0.00169	0.0326	3/77	18
hsa-miR-520a-3p	MicroRNA	lncbase	3	SNHG1;NEAT1;MALAT1	0.167	1.77e-06	4.58e-06	0.00169	0.0326	3/77	18
hsa-miR-29b-1-5p	MicroRNA	lncbase	3	NEAT1;MALAT1;H19	0.167	1.77e-06	4.58e-06	0.00169	0.0326	3/77	18
hsa-miR-2355-3p	MicroRNA	lncbase	3	GAS5;NEAT1;MALAT1	0.167	1.77e-06	4.58e-06	0.00169	0.0326	3/77	18
hsa-miR-520d-5p	MicroRNA	lncbase	2	NEAT1;MALAT1	0.286	1.88e-06	4.8e-06	0.00179	0.087	2/7	18
hsa-miR-363-5p	MicroRNA	lncbase	2	NEAT1;MALAT1	0.286	1.88e-06	4.8e-06	0.00179	0.087	2/7	18
hsa-miR-675-5p	MicroRNA	lncbase	2	NEAT1;H19	0.286	1.88e-06	4.8e-06	0.00179	0.087	2/7	18
hsa-miR-567	MicroRNA	lncbase	2	NEAT1;MALAT1	0.286	1.88e-06	4.8e-06	0.00179	0.087	2/7	18
hsa-miR-3115	MicroRNA	lncbase	2	SNHG1;NEAT1	0.286	1.88e-06	4.8e-06	0.00179	0.087	2/7	18
hsa-miR-548o-3p	MicroRNA	lncbase	3	SNHG15;NEAT1;MALAT1	0.167	1.91e-06	4.85e-06	0.00182	0.0319	3/79	18
hsa-miR-181a-2-3p	MicroRNA	lncbase	3	GAS5;NEAT1;MALAT1	0.167	1.91e-06	4.85e-06	0.00182	0.0319	3/79	18
hsa-miR-497-3p	MicroRNA	lncbase	3	PVT1;NEAT1;MALAT1	0.167	2.06e-06	5.2e-06	0.00197	0.0312	3/81	18
hsa-miR-130a-5p	MicroRNA	lncbase	3	SNHG5;NEAT1;MALAT1	0.167	2.06e-06	5.2e-06	0.00197	0.0312	3/81	18
hsa-miR-10a-5p	MicroRNA	lncbase	3	NEAT1;MALAT1;H19	0.167	2.14e-06	5.34e-06	0.00204	0.0309	3/82	18
hsa-miR-199a-3p	MicroRNA	lncbase	3	SNHG1;NEAT1;MALAT1	0.167	2.14e-06	5.34e-06	0.00204	0.0309	3/82	18
hsa-miR-625-5p	MicroRNA	lncbase	3	NEAT1;MALAT1;H19	0.167	2.14e-06	5.34e-06	0.00204	0.0309	3/82	18
hsa-miR-454-3p	MicroRNA	lncbase	3	MAGI2-AS3;NEAT1;H19	0.167	2.14e-06	5.34e-06	0.00204	0.0309	3/82	18
hsa-miR-4429	MicroRNA	lncbase	3	SNHG5;NEAT1;MALAT1	0.167	2.3e-06	5.71e-06	0.00219	0.0303	3/84	18
hsa-miR-1306-5p	MicroRNA	lncbase	3	SNHG1;NEAT1;MALAT1	0.167	2.3e-06	5.71e-06	0.00219	0.0303	3/84	18
hsa-miR-186-3p	MicroRNA	lncbase	3	SNHG1;NEAT1;MALAT1	0.167	2.38e-06	5.9e-06	0.00227	0.03	3/85	18
hsa-miR-378c	MicroRNA	lncbase	3	SNHG15;NEAT1;MALAT1	0.167	2.47e-06	6.1e-06	0.00236	0.0297	3/86	18
hsa-miR-556-3p	MicroRNA	lncbase	2	NEAT1;MALAT1	0.25	2.5e-06	6.12e-06	0.00239	0.0833	2/8	18
hsa-miR-373-3p	MicroRNA	lncbase	2	NEAT1;MALAT1	0.25	2.5e-06	6.12e-06	0.00239	0.0833	2/8	18
hsa-miR-299-3p	MicroRNA	lncbase	2	NEAT1;MALAT1	0.25	2.5e-06	6.12e-06	0.00239	0.0833	2/8	18
hsa-miR-516a-5p	MicroRNA	lncbase	2	NEAT1;MALAT1	0.25	2.5e-06	6.12e-06	0.00239	0.0833	2/8	18
hsa-miR-4286	MicroRNA	lncbase	3	PVT1;NEAT1;MALAT1	0.167	2.56e-06	6.25e-06	0.00244	0.0294	3/87	18
hsa-miR-192-5p	MicroRNA	lncbase	3	GAS5;NEAT1;MALAT1	0.167	2.65e-06	6.4e-06	0.00253	0.0291	3/88	18
hsa-miR-33a-3p	MicroRNA	lncbase	3	NEAT1;MALAT1;H19	0.167	2.65e-06	6.4e-06	0.00253	0.0291	3/88	18
hsa-miR-320e	MicroRNA	lncbase	3	SNHG5;NEAT1;MALAT1	0.167	2.65e-06	6.4e-06	0.00253	0.0291	3/88	18
hsa-miR-135b-5p	MicroRNA	lncbase	3	GAS5;NEAT1;MALAT1	0.167	2.65e-06	6.4e-06	0.00253	0.0291	3/88	18
hsa-miR-338-5p	MicroRNA	lncbase	3	GAS5;NEAT1;MALAT1	0.167	2.74e-06	6.6e-06	0.00261	0.0288	3/89	18
hsa-miR-331-3p	MicroRNA	lncbase	3	NEAT1;MALAT1;H19	0.167	2.83e-06	6.78e-06	0.0027	0.0286	3/90	18
hsa-miR-142-3p	MicroRNA	lncbase	3	MAGI2-AS3;NEAT1;MALAT1	0.167	2.83e-06	6.78e-06	0.0027	0.0286	3/90	18
hsa-miR-629-3p	MicroRNA	lncbase	3	SNHG1;NEAT1;MALAT1	0.167	2.93e-06	7.01e-06	0.0028	0.0283	3/91	18
hsa-miR-212-5p	MicroRNA	lncbase	3	NEAT1;MALAT1;H19	0.167	3.03e-06	7.23e-06	0.00289	0.028	3/92	18
hsa-miR-105-5p	MicroRNA	lncbase	2	NEAT1;H19	0.222	3.22e-06	7.55e-06	0.00307	0.08	2/9	18
hsa-miR-617	MicroRNA	lncbase	2	NEAT1;MALAT1	0.222	3.22e-06	7.55e-06	0.00307	0.08	2/9	18
hsa-miR-632	MicroRNA	lncbase	2	NEAT1;MALAT1	0.222	3.22e-06	7.55e-06	0.00307	0.08	2/9	18
hsa-miR-147a	MicroRNA	lncbase	2	NEAT1;MALAT1	0.222	3.22e-06	7.55e-06	0.00307	0.08	2/9	18
hsa-miR-26a-2-3p	MicroRNA	lncbase	2	NEAT1;MALAT1	0.222	3.22e-06	7.55e-06	0.00307	0.08	2/9	18
hsa-miR-379-5p	MicroRNA	lncbase	2	NEAT1;MALAT1	0.222	3.22e-06	7.55e-06	0.00307	0.08	2/9	18
hsa-miR-527	MicroRNA	lncbase	2	NEAT1;MALAT1	0.222	3.22e-06	7.55e-06	0.00307	0.08	2/9	18
hsa-miR-32-3p	MicroRNA	lncbase	3	GAS5;NEAT1;MALAT1	0.167	3.33e-06	7.77e-06	0.00318	0.0273	3/95	18
hsa-miR-301a-5p	MicroRNA	lncbase	3	SNHG1;NEAT1;MALAT1	0.167	3.33e-06	7.77e-06	0.00318	0.0273	3/95	18
hsa-miR-30a-5p	MicroRNA	lncbase	3	NEAT1;MALAT1;H19	0.167	3.55e-06	8.24e-06	0.00339	0.0268	3/97	18
hsa-miR-20a-3p	MicroRNA	lncbase	3	SNHG20;NEAT1;MALAT1	0.167	3.55e-06	8.24e-06	0.00339	0.0268	3/97	18
hsa-miR-365b-3p	MicroRNA	lncbase	3	MAGI2-AS3;NEAT1;MALAT1	0.167	3.66e-06	8.47e-06	0.00349	0.0265	3/98	18
hsa-miR-4685-3p	MicroRNA	lncbase	3	SNHG1;NEAT1;MALAT1	0.167	3.77e-06	8.69e-06	0.0036	0.0263	3/99	18
hsa-miR-125b-2-3p	MicroRNA	lncbase	3	NEAT1;MALAT1;H19	0.167	3.77e-06	8.69e-06	0.0036	0.0263	3/99	18
hsa-miR-221-5p	MicroRNA	lncbase	3	GAS5;NEAT1;MALAT1	0.167	4.01e-06	9.13e-06	0.00383	0.0259	3/101	18
hsa-miR-557	MicroRNA	lncbase	2	NEAT1;MALAT1	0.2	4.02e-06	9.13e-06	0.00384	0.0769	2/10	18
hsa-miR-1231	MicroRNA	lncbase	2	NEAT1;MALAT1	0.2	4.02e-06	9.13e-06	0.00384	0.0769	2/10	18
hsa-miR-3175	MicroRNA	lncbase	2	MALAT1;H19	0.2	4.02e-06	9.13e-06	0.00384	0.0769	2/10	18
hsa-miR-218-2-3p	MicroRNA	lncbase	2	NEAT1;MALAT1	0.2	4.02e-06	9.13e-06	0.00384	0.0769	2/10	18
hsa-miR-649	MicroRNA	lncbase	2	NEAT1;MALAT1	0.2	4.02e-06	9.13e-06	0.00384	0.0769	2/10	18
hsa-miR-196a-5p	MicroRNA	lncbase	3	SNHG1;NEAT1;H19	0.167	4.13e-06	9.36e-06	0.00394	0.0256	3/102	18
hsa-miR-140-3p	MicroRNA	lncbase	3	SNHG20;NEAT1;MALAT1	0.167	4.25e-06	9.61e-06	0.00405	0.0254	3/103	18
hsa-miR-449c-5p	MicroRNA	lncbase	3	SNHG1;GAS5;NEAT1	0.167	4.38e-06	9.88e-06	0.00418	0.0252	3/104	18
hsa-miR-188-3p	MicroRNA	lncbase	3	NEAT1;MALAT1;H19	0.167	4.5e-06	1.01e-05	0.00429	0.025	3/105	18
hsa-miR-1913	MicroRNA	lncbase	3	NEAT1;MALAT1;H19	0.167	4.5e-06	1.01e-05	0.00429	0.025	3/105	18
hsa-miR-16-5p	MicroRNA	lncbase	4	SNHG1;NEAT1;MALAT1;H19	0.222	4.55e-06	1.02e-05	0.00434	0.0104	4/371	18
hsa-miR-34b-5p	MicroRNA	lncbase	3	SNHG1;GAS5;NEAT1	0.167	4.64e-06	1.04e-05	0.00443	0.0248	3/106	18
hsa-miR-30d-5p	MicroRNA	lncbase	3	NEAT1;MALAT1;H19	0.167	4.77e-06	1.06e-05	0.00455	0.0246	3/107	18
hsa-miR-154-3p	MicroRNA	lncbase	2	NEAT1;MALAT1	0.182	4.92e-06	1.08e-05	0.00469	0.0741	2/11	18
hsa-miR-211-5p	MicroRNA	lncbase	2	NEAT1;MALAT1	0.182	4.92e-06	1.08e-05	0.00469	0.0741	2/11	18
hsa-miR-802	MicroRNA	lncbase	2	NEAT1;MALAT1	0.182	4.92e-06	1.08e-05	0.00469	0.0741	2/11	18
hsa-miR-302d-5p	MicroRNA	lncbase	2	NEAT1;MALAT1	0.182	4.92e-06	1.08e-05	0.00469	0.0741	2/11	18
hsa-miR-542-5p	MicroRNA	lncbase	2	NEAT1;MALAT1	0.182	4.92e-06	1.08e-05	0.00469	0.0741	2/11	18
hsa-miR-378b	MicroRNA	lncbase	2	NEAT1;MALAT1	0.182	4.92e-06	1.08e-05	0.00469	0.0741	2/11	18
hsa-miR-330-3p	MicroRNA	lncbase	3	SNHG1;NEAT1;MALAT1	0.167	5.04e-06	1.11e-05	0.00481	0.0242	3/109	18
hsa-miR-505-5p	MicroRNA	lncbase	3	SNHG15;SNHG5;NEAT1	0.167	5.18e-06	1.13e-05	0.00494	0.024	3/110	18
hsa-miR-195-5p	MicroRNA	starbase	3	PVT1;SNHG1;MIR497HG	0.167	5.47e-06	3.8e-05	0.00152	0.0236	3/112	18
hsa-miR-125a-3p	MicroRNA	lncbase	3	SNHG1;NEAT1;MALAT1	0.167	5.47e-06	1.19e-05	0.00522	0.0236	3/112	18
hsa-miR-30e-5p	MicroRNA	lncbase	3	NEAT1;MALAT1;H19	0.167	5.47e-06	1.19e-05	0.00522	0.0236	3/112	18
hsa-miR-5690	MicroRNA	lncbase	3	SNHG5;NEAT1;MALAT1	0.167	5.47e-06	1.19e-05	0.00522	0.0236	3/112	18
hsa-miR-15a-5p	MicroRNA	starbase	3	PVT1;SNHG1;MIR497HG	0.167	5.62e-06	3.8e-05	0.00156	0.0234	3/113	18
hsa-miR-16-5p	MicroRNA	starbase	3	PVT1;SNHG1;MIR497HG	0.167	5.62e-06	3.8e-05	0.00156	0.0234	3/113	18
hsa-miR-424-5p	MicroRNA	starbase	3	PVT1;SNHG1;MIR497HG	0.167	5.62e-06	3.8e-05	0.00156	0.0234	3/113	18
hsa-miR-15b-5p	MicroRNA	starbase	3	PVT1;SNHG1;MIR497HG	0.167	5.62e-06	3.8e-05	0.00156	0.0234	3/113	18
hsa-miR-497-5p	MicroRNA	starbase	3	PVT1;SNHG1;MIR497HG	0.167	5.62e-06	3.8e-05	0.00156	0.0234	3/113	18
hsa-miR-197-3p	MicroRNA	lncbase	3	SNHG1;NEAT1;MALAT1	0.167	5.77e-06	1.25e-05	0.0055	0.0233	3/114	18
hsa-miR-342-3p	MicroRNA	starbase	2	SNHG20;NEAT1	0.167	5.9e-06	3.89e-05	0.00163	0.0714	2/12	18
hsa-miR-920	MicroRNA	lncbase	2	NEAT1;MALAT1	0.167	5.9e-06	1.26e-05	0.00563	0.0714	2/12	18
hsa-miR-608	MicroRNA	lncbase	2	NEAT1;MALAT1	0.167	5.9e-06	1.26e-05	0.00563	0.0714	2/12	18
hsa-miR-92a-2-5p	MicroRNA	lncbase	2	NEAT1;MALAT1	0.167	5.9e-06	1.26e-05	0.00563	0.0714	2/12	18
hsa-miR-202-3p	MicroRNA	lncbase	2	NEAT1;MALAT1	0.167	5.9e-06	1.26e-05	0.00563	0.0714	2/12	18
hsa-miR-875-3p	MicroRNA	lncbase	2	NEAT1;MALAT1	0.167	5.9e-06	1.26e-05	0.00563	0.0714	2/12	18
hsa-miR-628-5p	MicroRNA	lncbase	3	GAS5;NEAT1;MALAT1	0.167	5.92e-06	1.27e-05	0.00565	0.0231	3/115	18
hsa-miR-224-5p	MicroRNA	lncbase	3	SNHG1;NEAT1;MALAT1	0.167	6.08e-06	1.29e-05	0.0058	0.0229	3/116	18
hsa-miR-29b-2-5p	MicroRNA	lncbase	3	NEAT1;MALAT1;H19	0.167	6.08e-06	1.29e-05	0.0058	0.0229	3/116	18
hsa-miR-320b	MicroRNA	lncbase	3	SNHG5;NEAT1;MALAT1	0.167	6.08e-06	1.29e-05	0.0058	0.0229	3/116	18
hsa-miR-320d	MicroRNA	lncbase	3	SNHG5;NEAT1;MALAT1	0.167	6.08e-06	1.29e-05	0.0058	0.0229	3/116	18
hsa-miR-5010-3p	MicroRNA	lncbase	3	SNHG1;NEAT1;MALAT1	0.167	6.24e-06	1.32e-05	0.00595	0.0227	3/117	18
hsa-miR-378a-3p	MicroRNA	lncbase	3	SNHG15;NEAT1;MALAT1	0.167	6.4e-06	1.35e-05	0.00611	0.0226	3/118	18
hsa-miR-138-5p	MicroRNA	lncbase	3	GAS5;NEAT1;MALAT1	0.167	6.4e-06	1.35e-05	0.00611	0.0226	3/118	18
hsa-miR-365a-3p	MicroRNA	lncbase	3	MAGI2-AS3;NEAT1;MALAT1	0.167	6.56e-06	1.38e-05	0.00626	0.0224	3/119	18
hsa-miR-532-3p	MicroRNA	lncbase	3	NEAT1;MALAT1;H19	0.167	6.73e-06	1.41e-05	0.00642	0.0222	3/120	18
hsa-miR-221-3p	MicroRNA	lncbase	3	NEAT1;MALAT1;H19	0.167	6.9e-06	1.44e-05	0.00658	0.0221	3/121	18
hsa-miR-339-5p	MicroRNA	starbase	2	NEAT1;H19	0.154	6.97e-06	4.49e-05	0.00193	0.069	2/13	18
hsa-miR-3145-3p	MicroRNA	lncbase	2	NEAT1;MALAT1	0.154	6.97e-06	1.44e-05	0.00665	0.069	2/13	18
hsa-miR-526b-5p	MicroRNA	lncbase	2	NEAT1;MALAT1	0.154	6.97e-06	1.44e-05	0.00665	0.069	2/13	18
hsa-miR-638	MicroRNA	lncbase	2	NEAT1;MALAT1	0.154	6.97e-06	1.44e-05	0.00665	0.069	2/13	18
hsa-miR-150-3p	MicroRNA	lncbase	2	NEAT1;MALAT1	0.154	6.97e-06	1.44e-05	0.00665	0.069	2/13	18
hsa-miR-498	MicroRNA	lncbase	2	NEAT1;MALAT1	0.154	6.97e-06	1.44e-05	0.00665	0.069	2/13	18
hsa-miR-508-5p	MicroRNA	lncbase	2	NEAT1;MALAT1	0.154	6.97e-06	1.44e-05	0.00665	0.069	2/13	18
hsa-miR-924	MicroRNA	lncbase	2	SNHG1;NEAT1	0.154	6.97e-06	1.44e-05	0.00665	0.069	2/13	18
hsa-miR-374c-5p	MicroRNA	lncbase	2	NEAT1;MALAT1	0.143	8.13e-06	1.65e-05	0.00776	0.0667	2/14	18
hsa-miR-604	MicroRNA	lncbase	2	NEAT1;MALAT1	0.143	8.13e-06	1.65e-05	0.00776	0.0667	2/14	18
hsa-miR-574-3p	MicroRNA	lncbase	2	NEAT1;MALAT1	0.143	8.13e-06	1.65e-05	0.00776	0.0667	2/14	18
hsa-miR-654-5p	MicroRNA	lncbase	2	GAS5;NEAT1	0.143	8.13e-06	1.65e-05	0.00776	0.0667	2/14	18
hsa-miR-198	MicroRNA	lncbase	2	NEAT1;MALAT1	0.143	8.13e-06	1.65e-05	0.00776	0.0667	2/14	18
hsa-miR-626	MicroRNA	lncbase	2	NEAT1;MALAT1	0.143	8.13e-06	1.65e-05	0.00776	0.0667	2/14	18
hsa-miR-204-5p	MicroRNA	lncbase	3	MAGI2-AS3;NEAT1;MALAT1	0.167	8.36e-06	1.7e-05	0.00798	0.0208	3/129	18
hsa-miR-502-5p	MicroRNA	lncbase	3	SNHG15;NEAT1;MALAT1	0.167	8.96e-06	1.81e-05	0.00855	0.0204	3/132	18
hsa-miR-375	MicroRNA	lncbase	3	SNHG5;NEAT1;MALAT1	0.167	9.37e-06	1.88e-05	0.00894	0.0201	3/134	18
hsa-miR-433-3p	MicroRNA	starbase	2	GAS5;NEAT1	0.133	9.38e-06	5.91e-05	0.0026	0.0645	2/15	18
hsa-miR-1247-5p	MicroRNA	lncbase	2	NEAT1;H19	0.133	9.38e-06	1.88e-05	0.00895	0.0645	2/15	18
hsa-miR-149-3p	MicroRNA	lncbase	2	NEAT1;MALAT1	0.133	9.38e-06	1.88e-05	0.00895	0.0645	2/15	18
hsa-miR-593-5p	MicroRNA	lncbase	2	NEAT1;MALAT1	0.133	9.38e-06	1.88e-05	0.00895	0.0645	2/15	18
hsa-miR-541-3p	MicroRNA	lncbase	2	GAS5;NEAT1	0.133	9.38e-06	1.88e-05	0.00895	0.0645	2/15	18
hsa-miR-22-5p	MicroRNA	lncbase	3	SNHG1;NEAT1;MALAT1	0.167	1.02e-05	2.04e-05	0.00973	0.0196	3/138	18
hsa-miR-146a-5p	MicroRNA	starbase	2	NEAT1;MALAT1	0.125	1.07e-05	6.59e-05	0.00296	0.0625	2/16	18
hsa-miR-26b-5p	MicroRNA	lncbase	3	GAS5;NEAT1;MALAT1	0.167	1.07e-05	2.12e-05	0.0102	0.0194	3/140	18
hsa-miR-298	MicroRNA	lncbase	2	NEAT1;MALAT1	0.125	1.07e-05	2.12e-05	0.0102	0.0625	2/16	18
hsa-miR-20b-3p	MicroRNA	lncbase	2	NEAT1;MALAT1	0.125	1.07e-05	2.12e-05	0.0102	0.0625	2/16	18
hsa-miR-765	MicroRNA	lncbase	2	NEAT1;MALAT1	0.125	1.07e-05	2.12e-05	0.0102	0.0625	2/16	18
hsa-miR-485-3p	MicroRNA	lncbase	3	SNHG1;NEAT1;MALAT1	0.167	1.09e-05	2.16e-05	0.0104	0.0192	3/141	18
hsa-miR-371a-5p	MicroRNA	starbase	2	SNHG15;NEAT1	0.118	1.21e-05	6.7e-05	0.00335	0.0606	2/17	18
hsa-miR-503-5p	MicroRNA	starbase	2	NEAT1;MALAT1	0.118	1.21e-05	6.7e-05	0.00335	0.0606	2/17	18
hsa-miR-146b-5p	MicroRNA	starbase	2	NEAT1;MALAT1	0.118	1.21e-05	6.7e-05	0.00335	0.0606	2/17	18
hsa-miR-3167	MicroRNA	starbase	2	GAS5;MALAT1	0.118	1.21e-05	6.7e-05	0.00335	0.0606	2/17	18
hsa-miR-876-5p	MicroRNA	starbase	2	GAS5;MALAT1	0.118	1.21e-05	6.7e-05	0.00335	0.0606	2/17	18
hsa-miR-622	MicroRNA	lncbase	2	NEAT1;MALAT1	0.118	1.21e-05	2.37e-05	0.0115	0.0606	2/17	18
hsa-miR-665	MicroRNA	lncbase	2	NEAT1;MALAT1	0.118	1.21e-05	2.37e-05	0.0115	0.0606	2/17	18
hsa-miR-631	MicroRNA	lncbase	2	GAS5;NEAT1	0.118	1.21e-05	2.37e-05	0.0115	0.0606	2/17	18
hsa-miR-575	MicroRNA	lncbase	2	NEAT1;MALAT1	0.118	1.21e-05	2.37e-05	0.0115	0.0606	2/17	18
hsa-miR-516b-5p	MicroRNA	lncbase	2	NEAT1;MALAT1	0.118	1.21e-05	2.37e-05	0.0115	0.0606	2/17	18
hsa-miR-635	MicroRNA	lncbase	2	NEAT1;MALAT1	0.118	1.21e-05	2.37e-05	0.0115	0.0606	2/17	18
hsa-miR-181b-5p	MicroRNA	lncbase	3	SNHG5;NEAT1;MALAT1	0.167	1.34e-05	2.61e-05	0.0128	0.0181	3/151	18
hsa-miR-223-3p	MicroRNA	starbase	2	GAS5;MAGI2-AS3	0.111	1.37e-05	7.44e-05	0.00379	0.0588	2/18	18
hsa-miR-4473	MicroRNA	lncbase	2	NEAT1;MALAT1	0.111	1.37e-05	2.67e-05	0.0131	0.0588	2/18	18
hsa-miR-376a-3p	MicroRNA	starbase	2	SNHG1;MALAT1	0.111	1.53e-05	7.85e-05	0.00424	0.0571	2/19	18
hsa-miR-196b-5p	MicroRNA	starbase	2	GAS5;H19	0.111	1.53e-05	7.85e-05	0.00424	0.0571	2/19	18
hsa-miR-196a-5p	MicroRNA	starbase	2	GAS5;H19	0.111	1.53e-05	7.85e-05	0.00424	0.0571	2/19	18
hsa-miR-409-5p	MicroRNA	lncbase	2	SNHG5;NEAT1	0.111	1.53e-05	2.95e-05	0.0146	0.0571	2/19	18
hsa-miR-3177-5p	MicroRNA	lncbase	2	NEAT1;MALAT1	0.111	1.53e-05	2.95e-05	0.0146	0.0571	2/19	18
hsa-miR-573	MicroRNA	lncbase	2	NEAT1;MALAT1	0.111	1.53e-05	2.95e-05	0.0146	0.0571	2/19	18
hsa-miR-488-5p	MicroRNA	lncbase	2	GAS5;NEAT1	0.111	1.53e-05	2.95e-05	0.0146	0.0571	2/19	18
hsa-miR-574-5p	MicroRNA	lncbase	3	MAGI2-AS3;NEAT1;MALAT1	0.167	1.65e-05	3.18e-05	0.0157	0.0169	3/162	18
hsa-miR-499a-5p	MicroRNA	starbase	2	NEAT1;MALAT1	0.111	1.7e-05	8.26e-05	0.00471	0.0556	2/20	18
hsa-miR-376b-3p	MicroRNA	starbase	2	SNHG1;MALAT1	0.111	1.7e-05	8.26e-05	0.00471	0.0556	2/20	18
hsa-miR-137	MicroRNA	starbase	2	SNHG1;GAS5	0.111	1.7e-05	8.26e-05	0.00471	0.0556	2/20	18
hsa-miR-587	MicroRNA	lncbase	2	NEAT1;MALAT1	0.111	1.7e-05	3.27e-05	0.0162	0.0556	2/20	18
hsa-miR-4726-3p	MicroRNA	lncbase	3	SNHG15;NEAT1;MALAT1	0.167	1.71e-05	3.28e-05	0.0163	0.0168	3/164	18
hsa-miR-548z	MicroRNA	lncbase	2	NEAT1;MALAT1	0.111	1.87e-05	3.55e-05	0.0178	0.0541	2/21	18
hsa-miR-187-5p	MicroRNA	lncbase	2	SNHG5;NEAT1	0.111	1.87e-05	3.55e-05	0.0178	0.0541	2/21	18
hsa-miR-606	MicroRNA	lncbase	2	NEAT1;MALAT1	0.111	1.87e-05	3.55e-05	0.0178	0.0541	2/21	18
hsa-miR-5009-5p	MicroRNA	lncbase	2	NEAT1;MALAT1	0.111	1.87e-05	3.55e-05	0.0178	0.0541	2/21	18
hsa-miR-193a-5p	MicroRNA	lncbase	2	NEAT1;MALAT1	0.111	1.87e-05	3.55e-05	0.0178	0.0541	2/21	18
hsa-miR-136-3p	MicroRNA	lncbase	3	GAS5;NEAT1;MALAT1	0.167	1.88e-05	3.57e-05	0.0179	0.0163	3/169	18
hsa-miR-328-3p	MicroRNA	starbase	2	SNHG1;MALAT1	0.111	2.06e-05	9.35e-05	0.00571	0.0526	2/22	18
hsa-miR-365a-3p	MicroRNA	starbase	2	PVT1;NEAT1	0.111	2.06e-05	9.35e-05	0.00571	0.0526	2/22	18
hsa-miR-204-5p	MicroRNA	starbase	2	NEAT1;MALAT1	0.111	2.06e-05	9.35e-05	0.00571	0.0526	2/22	18
hsa-miR-211-5p	MicroRNA	starbase	2	NEAT1;MALAT1	0.111	2.06e-05	9.35e-05	0.00571	0.0526	2/22	18
hsa-miR-302c-3p	MicroRNA	lncbase	2	MAGI2-AS3;NEAT1	0.111	2.06e-05	3.89e-05	0.0197	0.0526	2/22	18
hsa-miR-4787-5p	MicroRNA	lncbase	2	NEAT1;H19	0.111	2.06e-05	3.89e-05	0.0197	0.0526	2/22	18
hsa-miR-548w	MicroRNA	lncbase	2	MAGI2-AS3;MALAT1	0.111	2.26e-05	4.24e-05	0.0216	0.0513	2/23	18
hsa-miR-654-3p	MicroRNA	lncbase	2	NEAT1;MALAT1	0.111	2.26e-05	4.24e-05	0.0216	0.0513	2/23	18
hsa-let-7f-1-3p	MicroRNA	lncbase	2	NEAT1;MALAT1	0.111	2.26e-05	4.24e-05	0.0216	0.0513	2/23	18
hsa-miR-145-5p	MicroRNA	starbase	2	SNHG1;MALAT1	0.111	2.46e-05	0.000106	0.00681	0.05	2/24	18
hsa-miR-135a-5p	MicroRNA	starbase	2	GAS5;MALAT1	0.111	2.46e-05	0.000106	0.00681	0.05	2/24	18
hsa-miR-135b-5p	MicroRNA	starbase	2	GAS5;MALAT1	0.111	2.46e-05	0.000106	0.00681	0.05	2/24	18
hsa-miR-708-3p	MicroRNA	lncbase	2	NEAT1;MALAT1	0.111	2.46e-05	4.61e-05	0.0235	0.05	2/24	18
hsa-miR-135a-5p	MicroRNA	lncbase	3	GAS5;MAGI2-AS3;NEAT1	0.167	2.5e-05	4.68e-05	0.0238	0.0149	3/186	18
hsa-miR-425-5p	MicroRNA	starbase	2	NEAT1;MALAT1	0.111	2.67e-05	0.000112	0.0074	0.0488	2/25	18
hsa-miR-197-3p	MicroRNA	starbase	2	MIR497HG;MALAT1	0.111	2.67e-05	0.000112	0.0074	0.0488	2/25	18
hsa-miR-933	MicroRNA	lncbase	2	NEAT1;MALAT1	0.111	2.67e-05	4.97e-05	0.0255	0.0488	2/25	18
hsa-miR-196b-3p	MicroRNA	lncbase	2	NEAT1;MALAT1	0.111	2.67e-05	4.97e-05	0.0255	0.0488	2/25	18
hsa-miR-4999-5p	MicroRNA	lncbase	2	NEAT1;MALAT1	0.111	2.67e-05	4.97e-05	0.0255	0.0488	2/25	18
hsa-miR-124-3p	MicroRNA	lncbase	3	MAGI2-AS3;NEAT1;MALAT1	0.167	2.83e-05	5.25e-05	0.027	0.0144	3/194	18
hsa-miR-506-3p	MicroRNA	starbase	2	NEAT1;MALAT1	0.111	2.9e-05	0.000116	0.00803	0.0476	2/26	18
hsa-miR-124-3p	MicroRNA	starbase	2	NEAT1;MALAT1	0.111	2.9e-05	0.000116	0.00803	0.0476	2/26	18
hsa-miR-1915-3p	MicroRNA	lncbase	2	GAS5;NEAT1	0.111	2.9e-05	5.35e-05	0.0277	0.0476	2/26	18
hsa-miR-3613-5p	MicroRNA	lncbase	2	NEAT1;MALAT1	0.111	2.9e-05	5.35e-05	0.0277	0.0476	2/26	18
hsa-miR-625-3p	MicroRNA	lncbase	2	NEAT1;MALAT1	0.111	2.9e-05	5.35e-05	0.0277	0.0476	2/26	18
hsa-miR-92b-3p	MicroRNA	starbase	2	SNHG5;MALAT1	0.111	3.13e-05	0.000116	0.00867	0.0465	2/27	18
hsa-miR-25-3p	MicroRNA	starbase	2	SNHG5;MALAT1	0.111	3.13e-05	0.000116	0.00867	0.0465	2/27	18
hsa-miR-32-5p	MicroRNA	starbase	2	SNHG5;MALAT1	0.111	3.13e-05	0.000116	0.00867	0.0465	2/27	18
hsa-miR-367-3p	MicroRNA	starbase	2	SNHG5;MALAT1	0.111	3.13e-05	0.000116	0.00867	0.0465	2/27	18
hsa-miR-92a-3p	MicroRNA	starbase	2	SNHG5;MALAT1	0.111	3.13e-05	0.000116	0.00867	0.0465	2/27	18
hsa-miR-363-3p	MicroRNA	starbase	2	SNHG5;MALAT1	0.111	3.13e-05	0.000116	0.00867	0.0465	2/27	18
hsa-miR-338-3p	MicroRNA	starbase	2	SNHG15;MALAT1	0.111	3.13e-05	0.000116	0.00867	0.0465	2/27	18
hsa-miR-145-3p	MicroRNA	lncbase	2	GAS5;NEAT1	0.111	3.13e-05	5.7e-05	0.0299	0.0465	2/27	18
hsa-miR-454-5p	MicroRNA	lncbase	2	NEAT1;MALAT1	0.111	3.13e-05	5.7e-05	0.0299	0.0465	2/27	18
hsa-miR-4521	MicroRNA	lncbase	2	NEAT1;MALAT1	0.111	3.13e-05	5.7e-05	0.0299	0.0465	2/27	18
hsa-miR-144-5p	MicroRNA	lncbase	2	GAS5;NEAT1	0.111	3.13e-05	5.7e-05	0.0299	0.0465	2/27	18
hsa-miR-571	MicroRNA	lncbase	2	NEAT1;MALAT1	0.111	3.13e-05	5.7e-05	0.0299	0.0465	2/27	18
hsa-miR-522-5p	MicroRNA	lncbase	2	NEAT1;H19	0.111	3.13e-05	5.7e-05	0.0299	0.0465	2/27	18
hsa-miR-200c-5p	MicroRNA	lncbase	2	NEAT1;MALAT1	0.111	3.13e-05	5.7e-05	0.0299	0.0465	2/27	18
hsa-miR-129-5p	MicroRNA	starbase	2	NEAT1;MALAT1	0.111	3.37e-05	0.000123	0.00933	0.0455	2/28	18
hsa-miR-1267	MicroRNA	lncbase	2	NEAT1;MALAT1	0.111	3.37e-05	6.09e-05	0.0321	0.0455	2/28	18
hsa-miR-4523	MicroRNA	lncbase	2	SNHG1;NEAT1	0.111	3.37e-05	6.09e-05	0.0321	0.0455	2/28	18
hsa-miR-127-3p	MicroRNA	lncbase	2	SNHG5;MALAT1	0.111	3.37e-05	6.09e-05	0.0321	0.0455	2/28	18
hsa-miR-1915-5p	MicroRNA	lncbase	2	NEAT1;MALAT1	0.111	3.37e-05	6.09e-05	0.0321	0.0455	2/28	18
hsa-miR-193a-3p	MicroRNA	starbase	2	NEAT1;H19	0.111	3.62e-05	0.000124	0.01	0.0444	2/29	18
hsa-miR-193b-3p	MicroRNA	starbase	2	NEAT1;H19	0.111	3.62e-05	0.000124	0.01	0.0444	2/29	18
hsa-miR-200a-3p	MicroRNA	starbase	2	SNHG15;MALAT1	0.111	3.62e-05	0.000124	0.01	0.0444	2/29	18
hsa-miR-142-3p	MicroRNA	starbase	2	MAGI2-AS3;MALAT1	0.111	3.62e-05	0.000124	0.01	0.0444	2/29	18
hsa-miR-202-3p	MicroRNA	starbase	2	NEAT1;MALAT1	0.111	3.62e-05	0.000124	0.01	0.0444	2/29	18
hsa-miR-369-3p	MicroRNA	lncbase	3	SNHG5;NEAT1;MALAT1	0.167	3.69e-05	6.65e-05	0.0352	0.0132	3/212	18
hsa-miR-141-3p	MicroRNA	starbase	2	SNHG15;MALAT1	0.111	3.88e-05	0.000129	0.0107	0.0435	2/30	18
hsa-miR-22-3p	MicroRNA	starbase	2	NEAT1;MALAT1	0.111	3.88e-05	0.000129	0.0107	0.0435	2/30	18
hsa-miR-331-5p	MicroRNA	lncbase	2	SNHG1;NEAT1	0.111	3.88e-05	6.97e-05	0.037	0.0435	2/30	18
hsa-let-7a-3p	MicroRNA	lncbase	2	NEAT1;MALAT1	0.111	3.88e-05	6.97e-05	0.037	0.0435	2/30	18
hsa-miR-149-5p	MicroRNA	lncbase	3	SNHG5;NEAT1;MALAT1	0.167	4.06e-05	7.28e-05	0.0387	0.0128	3/219	18
hsa-miR-491-5p	MicroRNA	starbase	2	MALAT1;H19	0.111	4.14e-05	0.000137	0.0115	0.0426	2/31	18
hsa-miR-1269b	MicroRNA	lncbase	2	NEAT1;MALAT1	0.111	4.14e-05	7.4e-05	0.0395	0.0426	2/31	18
hsa-miR-634	MicroRNA	lncbase	2	NEAT1;MALAT1	0.111	4.14e-05	7.4e-05	0.0395	0.0426	2/31	18
hsa-miR-125a-3p	MicroRNA	starbase	2	NEAT1;MALAT1	0.111	4.42e-05	0.000142	0.0122	0.0417	2/32	18
hsa-miR-495-3p	MicroRNA	starbase	2	SNHG20;NEAT1	0.111	4.42e-05	0.000142	0.0122	0.0417	2/32	18
hsa-miR-5586-3p	MicroRNA	lncbase	2	SNHG1;H19	0.111	4.42e-05	7.84e-05	0.0422	0.0417	2/32	18
hsa-miR-592	MicroRNA	lncbase	2	NEAT1;MALAT1	0.111	4.42e-05	7.84e-05	0.0422	0.0417	2/32	18
hsa-let-7f-2-3p	MicroRNA	lncbase	2	NEAT1;MALAT1	0.111	4.42e-05	7.84e-05	0.0422	0.0417	2/32	18
hsa-miR-4733-5p	MicroRNA	lncbase	2	SNHG5;NEAT1	0.111	4.42e-05	7.84e-05	0.0422	0.0417	2/32	18
hsa-miR-138-5p	MicroRNA	starbase	2	MAGI2-AS3;H19	0.111	4.99e-05	0.000159	0.0138	0.04	2/34	18
hsa-miR-28-3p	MicroRNA	lncbase	2	NEAT1;MALAT1	0.111	4.99e-05	8.82e-05	0.0476	0.04	2/34	18
hsa-miR-624-5p	MicroRNA	lncbase	2	NEAT1;MALAT1	0.111	4.99e-05	8.82e-05	0.0476	0.04	2/34	18
hsa-miR-28-5p	MicroRNA	starbase	2	NEAT1;MALAT1	0.111	5.61e-05	0.000173	0.0155	0.0385	2/36	18
hsa-miR-708-5p	MicroRNA	starbase	2	NEAT1;MALAT1	0.111	5.61e-05	0.000173	0.0155	0.0385	2/36	18
hsa-miR-3139	MicroRNA	starbase	2	NEAT1;MALAT1	0.111	5.61e-05	0.000173	0.0155	0.0385	2/36	18
hsa-miR-4262	MicroRNA	starbase	2	NEAT1;MALAT1	0.111	5.93e-05	0.000179	0.0164	0.0377	2/37	18
hsa-miR-421	MicroRNA	starbase	2	SNHG1;SNHG5	0.111	5.93e-05	0.000179	0.0164	0.0377	2/37	18
hsa-miR-181c-5p	MicroRNA	starbase	2	NEAT1;MALAT1	0.111	6.59e-05	0.00019	0.0183	0.0364	2/39	18
hsa-miR-181d-5p	MicroRNA	starbase	2	NEAT1;MALAT1	0.111	6.59e-05	0.00019	0.0183	0.0364	2/39	18
hsa-miR-181a-5p	MicroRNA	starbase	2	NEAT1;MALAT1	0.111	6.59e-05	0.00019	0.0183	0.0364	2/39	18
hsa-miR-181b-5p	MicroRNA	starbase	2	NEAT1;MALAT1	0.111	6.59e-05	0.00019	0.0183	0.0364	2/39	18
hsa-miR-24-3p	MicroRNA	starbase	2	PVT1;SNHG15	0.111	7.29e-05	0.000208	0.0202	0.0351	2/41	18
hsa-miR-23c	MicroRNA	starbase	2	GAS5;MALAT1	0.111	8.41e-05	0.000233	0.0233	0.0333	2/44	18
hsa-miR-23a-3p	MicroRNA	starbase	2	GAS5;MALAT1	0.111	8.41e-05	0.000233	0.0233	0.0333	2/44	18
hsa-miR-23b-3p	MicroRNA	starbase	2	GAS5;MALAT1	0.111	8.41e-05	0.000233	0.0233	0.0333	2/44	18
hsa-miR-320c	MicroRNA	starbase	2	NEAT1;MALAT1	0.111	8.8e-05	0.000234	0.0244	0.0328	2/45	18
hsa-miR-320d	MicroRNA	starbase	2	NEAT1;MALAT1	0.111	8.8e-05	0.000234	0.0244	0.0328	2/45	18
hsa-miR-4429	MicroRNA	starbase	2	NEAT1;MALAT1	0.111	8.8e-05	0.000234	0.0244	0.0328	2/45	18
hsa-miR-203a	MicroRNA	starbase	2	PVT1;MALAT1	0.111	8.8e-05	0.000234	0.0244	0.0328	2/45	18
hsa-miR-320b	MicroRNA	starbase	2	NEAT1;MALAT1	0.111	9.19e-05	0.00024	0.0255	0.0323	2/46	18
hsa-miR-320a	MicroRNA	starbase	2	NEAT1;MALAT1	0.111	9.19e-05	0.00024	0.0255	0.0323	2/46	18
hsa-miR-103a-3p	MicroRNA	starbase	2	NEAT1;H19	0.111	0.000109	0.00028	0.0302	0.0303	2/50	18
hsa-miR-107	MicroRNA	starbase	2	NEAT1;H19	0.111	0.000109	0.00028	0.0302	0.0303	2/50	18
hsa-miR-19a-3p	MicroRNA	starbase	2	SNHG20;H19	0.111	0.000127	0.00032	0.0352	0.0286	2/54	18
hsa-miR-19b-3p	MicroRNA	starbase	2	SNHG20;H19	0.111	0.000127	0.00032	0.0352	0.0286	2/54	18
hsa-miR-485-5p	MicroRNA	starbase	2	GAS5;MALAT1	0.111	0.000162	0.000404	0.0449	0.026	2/61	18
